name,cores,core_normalized,threads,threads_normalized,frequency,boost_frequency_normalized,boost_frequency,boost_frequency_normalized,cache,cache_normalized,lithography,lithography_normalized,tdp,tdp_normalized
AMD EPYC™ 9654P,96,1,192,1,2400,"0,378",3700,"0,574",384000,"0,499",5,"0,0116",360,1
AMD EPYC™ 9654,96,1,192,1,2400,"0,378",3700,"0,574",384000,"0,499",5,"0,0116",360,1
AMD EPYC™ 9474F,48,"0,489",96,"0,495",3600,"0,703",4100,"0,660",256000,"0,332",5,"0,0116",360,1
AMD EPYC™ 9554P,64,"0,660",128,"0,663",3100,"0,568",3750,"0,585",256000,"0,332",5,"0,0116",360,1
AMD EPYC™ 9554,64,"0,660",128,"0,663",3100,"0,568",3750,"0,585",256000,"0,332",5,"0,0116",360,1
AMD EPYC™ 9174F,16,"0,149",32,"0,158",4100,"0,838",4400,"0,723",256000,"0,332",5,"0,0116",320,"0,888"
AMD EPYC™ 9274F,24,"0,234",48,"0,242",4050,"0,824",4300,"0,702",256000,"0,332",5,"0,0116",320,"0,888"
AMD EPYC™ 9374F,32,"0,319",64,"0,326",3850,"0,770",4300,"0,702",256000,"0,332",5,"0,0116",320,"0,888"
AMD EPYC™ 9634,84,"0,872",168,"0,874",2250,"0,338",3700,"0,574",384000,"0,499",5,"0,0116",290,"0,803"
AMD EPYC™ 9454P,48,"0,489",96,"0,495",2750,"0,473",3800,"0,596",256000,"0,332",5,"0,0116",290,"0,803"
AMD EPYC™ 9454,48,"0,489",96,"0,495",2750,"0,473",3800,"0,596",256000,"0,332",5,"0,0116",290,"0,803"
AMD EPYC™ 7573X,32,"0,319",64,"0,326",2800,"0,486",3600,"0,553",768000,1,7,"0,0349",280,"0,775"
AMD EPYC™ 7773X,64,"0,660",128,"0,663",2200,"0,324",3500,"0,532",768000,1,7,"0,0349",280,"0,775"
AMD Ryzen™ Threadripper™ PRO 5995WX,64,"0,660",128,"0,663",2700,"0,459",4500,"0,745",292096,"0,380",7,"0,0349",280,"0,775"
AMD Ryzen™ Threadripper™ 3990X,64,"0,660",128,"0,663",2900,"0,514",4300,"0,702",292096,"0,380",7,"0,0349",280,"0,775"
AMD Ryzen™ Threadripper™ PRO 3995WX,64,"0,660",128,"0,663",2700,"0,459",4200,"0,681",292096,"0,380",7,"0,0349",280,"0,775"
AMD EPYC™ 75F3,32,"0,319",64,"0,326",2950,"0,527",4000,"0,638",256000,"0,332",7,"0,0349",280,"0,775"
AMD EPYC™ 7763,64,"0,660",128,"0,663",2450,"0,392",3500,"0,532",256000,"0,332",7,"0,0349",280,"0,775"
AMD EPYC™ 7H12,64,"0,660",128,"0,663",2600,"0,432",3300,"0,489",256000,"0,332",7,"0,0349",280,"0,775"
AMD Ryzen™ Threadripper™ 3970X,32,"0,319",64,"0,326",3700,"0,730",4500,"0,745",146048,"0,189",7,"0,0349",280,"0,775"
AMD Ryzen™ Threadripper™ PRO 5975WX,32,"0,319",64,"0,326",3600,"0,703",4500,"0,745",146048,"0,189",7,"0,0349",280,"0,775"
AMD Ryzen™ Threadripper™ PRO 3975WX,32,"0,319",64,"0,326",3500,"0,676",4200,"0,681",146048,"0,189",7,"0,0349",280,"0,775"
AMD Ryzen™ Threadripper™ PRO 5965WX,24,"0,234",48,"0,242",3800,"0,757",4500,"0,745",141536,"0,183",7,"0,0349",280,"0,775"
AMD Ryzen™ Threadripper™ 3960X,24,"0,234",48,"0,242",3800,"0,757",4500,"0,745",141536,"0,183",7,"0,0349",280,"0,775"
AMD Ryzen™ Threadripper™ PRO 5955WX,16,"0,149",32,"0,158",4000,"0,811",4500,"0,745",73024,"0,0939",7,"0,0349",280,"0,775"
AMD Ryzen™ Threadripper™ PRO 3955WX,16,"0,149",32,"0,158",3900,"0,784",4300,"0,702",73024,"0,0939",7,"0,0349",280,"0,775"
AMD Ryzen™ Threadripper™ PRO 3945WX,12,"0,106",24,"0,116",4000,"0,811",4300,"0,702",70768,"0,0910",7,"0,0349",280,"0,775"
AMD Ryzen™ Threadripper™ PRO 5945WX,12,"0,106",24,"0,116",4100,"0,838",4500,"0,745",70765,"0,0910",7,"0,0349",280,"0,775"
AMD EPYC™ 9354P,32,"0,319",64,"0,326",3250,"0,608",3800,"0,596",256000,"0,332",5,"0,0116",280,"0,775"
AMD EPYC™ 9354,32,"0,319",64,"0,326",3250,"0,608",3800,"0,596",256000,"0,332",5,"0,0116",280,"0,775"
AMD EPYC™ 9534,64,"0,660",128,"0,663",2450,"0,392",3700,"0,574",256000,"0,332",5,"0,0116",280,"0,775"
AMD Ryzen™ Threadripper™ 2990WX,32,"0,319",64,"0,326",3000,"0,541",4200,"0,681",83072,"0,107",12,"0,0930",250,"0,691"
AMD Ryzen™ Threadripper™ 2970WX,24,"0,234",48,"0,242",3000,"0,541",4200,"0,681",78304,"0,101",12,"0,0930",250,"0,691"
AMD EPYC™ 7373X,16,"0,149",32,"0,158",3050,"0,554",3800,"0,596",768000,1,7,"0,0349",240,"0,663"
AMD EPYC™ 7473X,24,"0,234",48,"0,242",2800,"0,486",3700,"0,574",768000,1,7,"0,0349",240,"0,663"
AMD EPYC™ 73F3,16,"0,149",32,"0,158",3500,"0,676",4000,"0,638",256000,"0,332",7,"0,0349",240,"0,663"
AMD EPYC™ 74F3,24,"0,234",48,"0,242",3200,"0,595",4000,"0,638",256000,"0,332",7,"0,0349",240,"0,663"
AMD EPYC™ 7F52,16,"0,149",32,"0,158",3500,"0,676",3900,"0,617",256000,"0,332",7,"0,0349",240,"0,663"
AMD EPYC™ 7663,56,"0,574",112,"0,579",2000,"0,270",3500,"0,532",256000,"0,332",7,"0,0349",240,"0,663"
AMD EPYC™ 7F72,24,"0,234",48,"0,242",3200,"0,595",3700,"0,574",192000,"0,249",7,"0,0349",240,"0,663"
AMD EPYC™ 7543P,32,"0,319",64,"0,326",2800,"0,486",3700,"0,574",256000,"0,332",7,"0,0349",225,"0,621"
AMD EPYC™ 7543,32,"0,319",64,"0,326",2800,"0,486",3700,"0,574",256000,"0,332",7,"0,0349",225,"0,621"
AMD EPYC™ 7713P,64,"0,660",128,"0,663",2000,"0,270",3675,"0,569",256000,"0,332",7,"0,0349",225,"0,621"
AMD EPYC™ 7713,64,"0,660",128,"0,663",2000,"0,270",3675,"0,569",256000,"0,332",7,"0,0349",225,"0,621"
AMD EPYC™ 7643,48,"0,489",96,"0,495",2300,"0,351",3600,"0,553",256000,"0,332",7,"0,0349",225,"0,621"
AMD EPYC™ 7742,64,"0,660",128,"0,663",2250,"0,338",3400,"0,511",256000,"0,332",7,"0,0349",225,"0,621"
AMD EPYC™ 7642,48,"0,489",96,"0,495",2300,"0,351",3300,"0,489",256000,"0,332",7,"0,0349",225,"0,621"
AMD EPYC™ 7662,64,"0,660",128,"0,663",2000,"0,270",3300,"0,489",256000,"0,332",7,"0,0349",225,"0,621"
AMD EPYC™ 7542,32,"0,319",64,"0,326",2900,"0,514",3400,"0,511",128000,"0,166",7,"0,0349",225,"0,621"
AMD EPYC™ 7453,28,"0,277",56,"0,284",2750,"0,473",3450,"0,521",64000,"0,0821",7,"0,0349",225,"0,621"
FX-9590,8,"0,0638",8,"0,0316",4700,1,5000,"0,851",16384,"0,0201",32,"0,326",220,"0,607"
FX-9370,8,"0,0638",8,"0,0316",4400,"0,919",4700,"0,787",16384,"0,0201",32,"0,326",220,"0,607"
AMD EPYC™ 9334,32,"0,319",64,"0,326",2700,"0,459",3900,"0,617",128000,"0,166",5,"0,0116",210,"0,579"
AMD EPYC™ 7371,16,"0,149",32,"0,158",3100,"0,568",3800,"0,596",64000,"0,0821",14,"0,116",200,"0,551"
AMD EPYC™ 7702P,64,"0,660",128,"0,663",2000,"0,270",3350,"0,500",256000,"0,332",7,"0,0349",200,"0,551"
AMD EPYC™ 7702,64,"0,660",128,"0,663",2000,"0,270",3350,"0,500",256000,"0,332",7,"0,0349",200,"0,551"
AMD EPYC™ 7532,32,"0,319",64,"0,326",2400,"0,378",3300,"0,489",256000,"0,332",7,"0,0349",200,"0,551"
AMD EPYC™ 7552,48,"0,489",96,"0,495",2200,"0,324",3300,"0,489",192000,"0,249",7,"0,0349",200,"0,551"
AMD EPYC™ 7443P,24,"0,234",48,"0,242",2850,"0,500",4000,"0,638",128000,"0,166",7,"0,0349",200,"0,551"
AMD EPYC™ 7443,24,"0,234",48,"0,242",2850,"0,500",4000,"0,638",128000,"0,166",7,"0,0349",200,"0,551"
AMD EPYC™ 7513,32,"0,319",64,"0,326",2600,"0,432",3650,"0,564",128000,"0,166",7,"0,0349",200,"0,551"
AMD EPYC™ 9254,24,"0,234",48,"0,242",2900,"0,514",4150,"0,670",128000,"0,166",5,"0,0116",200,"0,551"
AMD EPYC™ 9124,16,"0,149",32,"0,158",3000,"0,541",3700,"0,574",64000,"0,0821",5,"0,0116",200,"0,551"
AMD EPYC™ 9224,24,"0,234",48,"0,242",2500,"0,405",3700,"0,574",64000,"0,0821",5,"0,0116",200,"0,551"
AMD EPYC™ 7343,16,"0,149",32,"0,158",3200,"0,595",3900,"0,617",128000,"0,166",7,"0,0349",190,"0,522"
AMD EPYC™ 7451,24,"0,234",48,"0,242",2300,"0,351",3200,"0,468",64000,"0,0821",14,"0,116",180,"0,494"
AMD EPYC™ 7601,32,"0,319",64,"0,326",2200,"0,324",3200,"0,468",64000,"0,0821",14,"0,116",180,"0,494"
AMD EPYC™ 7551P,32,"0,319",64,"0,326",2000,"0,270",3000,"0,426",64000,"0,0821",14,"0,116",180,"0,494"
AMD EPYC™ 7551,32,"0,319",64,"0,326",2000,"0,270",3000,"0,426",64000,"0,0821",14,"0,116",180,"0,494"
AMD Ryzen™ Threadripper™ 1950X,16,"0,149",32,"0,158",3400,"0,649",4000,"0,638",41536,"0,0529",14,"0,116",180,"0,494"
AMD Ryzen™ Threadripper™ 1920X,12,"0,106",24,"0,116",3500,"0,676",4000,"0,638",39152,"0,0497",14,"0,116",180,"0,494"
AMD Ryzen™ Threadripper™ 1900X,8,"0,0638",16,"0,0737",3800,"0,757",4000,"0,638",20768,"0,0258",14,"0,116",180,"0,494"
AMD Ryzen™ Threadripper™ 2950X,16,"0,149",32,"0,158",3500,"0,676",4400,"0,723",41536,"0,0529",12,"0,0930",180,"0,494"
AMD Ryzen™ Threadripper™ 2920X,12,"0,106",24,"0,116",3500,"0,676",4300,"0,702",39152,"0,0497",12,"0,0930",180,"0,494"
AMD EPYC™ 72F3,8,"0,0638",16,"0,0737",3700,"0,730",4100,"0,660",256000,"0,332",7,"0,0349",180,"0,494"
AMD EPYC™ 7F32,8,"0,0638",16,"0,0737",3700,"0,730",3900,"0,617",128000,"0,166",7,"0,0349",180,"0,494"
AMD EPYC™ 7413,24,"0,234",48,"0,242",2650,"0,446",3600,"0,553",128000,"0,166",7,"0,0349",180,"0,494"
AMD EPYC™ 7402P,24,"0,234",48,"0,242",2800,"0,486",3350,"0,500",128000,"0,166",7,"0,0349",180,"0,494"
AMD EPYC™ 7402,24,"0,234",48,"0,242",2800,"0,486",3350,"0,500",128000,"0,166",7,"0,0349",180,"0,494"
AMD EPYC™ 7502P,32,"0,319",64,"0,326",2500,"0,405",3350,"0,500",128000,"0,166",7,"0,0349",180,"0,494"
AMD EPYC™ 7502,32,"0,319",64,"0,326",2500,"0,405",3350,"0,500",128000,"0,166",7,"0,0349",180,"0,494"
AMD EPYC™ 7501,32,"0,319",64,"0,326",2000,"0,270",3000,"0,426",64000,"0,0821",14,"0,116",170,"0,466"
AMD EPYC™ 7401P,24,"0,234",48,"0,242",2000,"0,270",3000,"0,426",64000,"0,0821",14,"0,116",170,"0,466"
AMD EPYC™ 7401,24,"0,234",48,"0,242",2000,"0,270",3000,"0,426",64000,"0,0821",14,"0,116",170,"0,466"
AMD EPYC™ 7261,8,"0,0638",16,"0,0737",2500,"0,405",2900,"0,404",64000,"0,0821",14,"0,116",170,"0,466"
AMD EPYC™ 7351P,16,"0,149",32,"0,158",2400,"0,378",2900,"0,404",64000,"0,0821",14,"0,116",170,"0,466"
AMD EPYC™ 7351,16,"0,149",32,"0,158",2400,"0,378",2900,"0,404",64000,"0,0821",14,"0,116",170,"0,466"
AMD EPYC™ 7301,16,"0,149",32,"0,158",2200,"0,324",2700,"0,362",64000,"0,0821",14,"0,116",170,"0,466"
AMD EPYC™ 7281,16,"0,149",32,"0,158",2100,"0,297",2700,"0,362",32000,"0,0404",14,"0,116",170,"0,466"
AMD Ryzen™ 9 7950X,16,"0,149",32,"0,158",4500,"0,946",5700,1,81024,"0,104",5,"0,0116",170,"0,466"
AMD Ryzen™ 9 7900X,12,"0,106",24,"0,116",4700,1,5600,"0,979",76768,"0,0988",5,"0,0116",170,"0,466"
AMD EPYC™ 7313P,16,"0,149",32,"0,158",3000,"0,541",3700,"0,574",128000,"0,166",7,"0,0349",155,"0,424"
AMD EPYC™ 7313,16,"0,149",32,"0,158",3000,"0,541",3700,"0,574",128000,"0,166",7,"0,0349",155,"0,424"
AMD EPYC™ 7262,8,"0,0638",16,"0,0737",3200,"0,595",3400,"0,511",128000,"0,166",7,"0,0349",155,"0,424"
AMD EPYC™ 7452,32,"0,319",64,"0,326",2350,"0,365",3350,"0,500",128000,"0,166",7,"0,0349",155,"0,424"
AMD EPYC™ 7302P,16,"0,149",32,"0,158",3000,"0,541",3300,"0,489",128000,"0,166",7,"0,0349",155,"0,424"
AMD EPYC™ 7302,16,"0,149",32,"0,158",3000,"0,541",3300,"0,489",128000,"0,166",7,"0,0349",155,"0,424"
AMD EPYC™ 7352,24,"0,234",48,"0,242",2300,"0,351",3200,"0,468",128000,"0,166",7,"0,0349",155,"0,424"
6180 SE,12,"0,106",12,"0,0526",2500,"0,405",2500,"0,319",19536,"0,0242",45,"0,477",140,"0,382"
6284 SE,16,"0,149",16,"0,0737",2700,"0,459",3400,"0,511",32768,"0,0414",32,"0,326",140,"0,382"
6282 SE,16,"0,149",16,"0,0737",2600,"0,432",3300,"0,489",32768,"0,0414",32,"0,326",140,"0,382"
6386 SE,16,"0,149",16,"0,0737",2800,"0,486",3500,"0,532",32048,"0,0405",32,"0,326",140,"0,382"
980,4,"0,0213",4,"0,0105",3700,"0,730",3700,"0,574",8512,"0,00979",45,"0,477",125,"0,340"
975,4,"0,0213",4,"0,0105",3600,"0,703",3600,"0,553",8512,"0,00979",45,"0,477",125,"0,340"
FX-8370 with Wraith cooler,8,"0,0638",8,"0,0316",4000,"0,811",4300,"0,702",16384,"0,0201",32,"0,326",125,"0,340"
FX-8370,8,"0,0638",8,"0,0316",4000,"0,811",4300,"0,702",16384,"0,0201",32,"0,326",125,"0,340"
FX-8350 with Wraith cooler,8,"0,0638",8,"0,0316",4000,"0,811",4200,"0,681",16384,"0,0201",32,"0,326",125,"0,340"
FX-8350,8,"0,0638",8,"0,0316",4000,"0,811",4200,"0,681",16384,"0,0201",32,"0,326",125,"0,340"
FX-8150,8,"0,0638",8,"0,0316",3600,"0,703",4200,"0,681",16384,"0,0201",32,"0,326",125,"0,340"
FX-8320,8,"0,0638",8,"0,0316",3500,"0,676",4000,"0,638",16384,"0,0201",32,"0,326",125,"0,340"
FX-8120,8,"0,0638",8,"0,0316",3100,"0,568",4000,"0,638",16384,"0,0201",32,"0,326",125,"0,340"
FX-6350 with Wraith cooler,6,"0,0426",6,"0,0211",3900,"0,784",4200,"0,681",14288,"0,0173",32,"0,326",125,"0,340"
FX-6350,6,"0,0426",6,"0,0211",3900,"0,784",4200,"0,681",14288,"0,0173",32,"0,326",125,"0,340"
FX-6200,6,"0,0426",6,"0,0211",3800,"0,757",4100,"0,660",14288,"0,0173",32,"0,326",125,"0,340"
FX-4350,4,"0,0213",4,"0,0105",4200,"0,865",4300,"0,702",12192,"0,0146",32,"0,326",125,"0,340"
FX-4170,4,"0,0213",4,"0,0105",4200,"0,865",4300,"0,702",12192,"0,0146",32,"0,326",125,"0,340"
FX-4130,4,"0,0213",4,"0,0105",3800,"0,757",3900,"0,617",8192,"0,00938",32,"0,326",125,"0,340"
AMD EPYC™ 7251,8,"0,0638",16,"0,0737",2100,"0,297",2900,"0,404",32000,"0,0404",14,"0,116",120,"0,326"
AMD EPYC™ 7252,8,"0,0638",16,"0,0737",3100,"0,568",3200,"0,468",64000,"0,0821",7,"0,0349",120,"0,326"
AMD EPYC™ 7272,12,"0,106",24,"0,116",2900,"0,514",3200,"0,468",64000,"0,0821",7,"0,0349",120,"0,326"
AMD EPYC™ 7282,16,"0,149",32,"0,158",2800,"0,486",3200,"0,468",64000,"0,0821",7,"0,0349",120,"0,326"
AMD EPYC™ 7232P,8,"0,0638",16,"0,0737",3100,"0,568",3200,"0,468",32000,"0,0404",7,"0,0349",120,"0,326"
AMD Ryzen™ 9 7950X3D,16,"0,149",32,"0,158",4200,"0,865",5700,1,145024,"0,188",5,"0,0116",120,"0,326"
AMD Ryzen™ 9 7900X3D,12,"0,106",24,"0,116",4400,"0,919",5600,"0,979",140768,"0,182",5,"0,0116",120,"0,326"
AMD Ryzen™ 7 7800X3D,8,"0,0638",16,"0,0737",4200,"0,865",5000,"0,851",104512,"0,135",5,"0,0116",120,"0,326"
6176,12,"0,106",12,"0,0526",2300,"0,351",2300,"0,277",19536,"0,0242",45,"0,477",115,"0,312"
6140,8,"0,0638",8,"0,0316",2600,"0,432",2600,"0,340",17024,"0,0209",45,"0,477",115,"0,312"
6380,16,"0,149",16,"0,0737",2500,"0,405",3400,"0,511",32768,"0,0414",32,"0,326",115,"0,312"
6378,16,"0,149",16,"0,0737",2400,"0,378",3300,"0,489",32768,"0,0414",32,"0,326",115,"0,312"
6278,16,"0,149",16,"0,0737",2400,"0,378",3300,"0,489",32768,"0,0414",32,"0,326",115,"0,312"
6276,16,"0,149",16,"0,0737",2300,"0,351",3200,"0,468",32768,"0,0414",32,"0,326",115,"0,312"
6274,16,"0,149",16,"0,0737",2200,"0,324",3100,"0,447",32768,"0,0414",32,"0,326",115,"0,312"
6272,16,"0,149",16,"0,0737",2100,"0,297",3000,"0,426",32768,"0,0414",32,"0,326",115,"0,312"
6376,16,"0,149",16,"0,0737",2300,"0,351",2300,"0,277",32768,"0,0414",32,"0,326",115,"0,312"
6348,12,"0,106",12,"0,0526",2800,"0,486",3400,"0,511",28576,"0,0360",32,"0,326",115,"0,312"
6238,12,"0,106",12,"0,0526",2600,"0,432",3200,"0,468",28576,"0,0360",32,"0,326",115,"0,312"
6234,12,"0,106",12,"0,0526",2400,"0,378",3000,"0,426",28576,"0,0360",32,"0,326",115,"0,312"
6344,12,"0,106",12,"0,0526",2600,"0,432",2600,"0,340",28576,"0,0360",32,"0,326",115,"0,312"
6328,8,"0,0638",8,"0,0316",3200,"0,595",3800,"0,596",24384,"0,0305",32,"0,326",115,"0,312"
6220,8,"0,0638",8,"0,0316",3000,"0,541",3600,"0,553",24384,"0,0305",32,"0,326",115,"0,312"
6320,8,"0,0638",8,"0,0316",2800,"0,486",3300,"0,489",24384,"0,0305",32,"0,326",115,"0,312"
6212,8,"0,0638",8,"0,0316",2600,"0,432",3200,"0,468",24384,"0,0305",32,"0,326",115,"0,312"
6204,4,"0,0213",4,"0,0105",3300,"0,622",3300,"0,489",20512,"0,0254",32,"0,326",115,"0,312"
6308,4,"0,0213",4,"0,0105",3500,"0,676",3500,"0,532",20192,"0,0250",32,"0,326",115,"0,312"
AMD Ryzen™ 7 2700X,8,"0,0638",16,"0,0737",3700,"0,730",4300,"0,702",20768,"0,0258",12,"0,0930",105,"0,284"
AMD Ryzen™ 7 5800X3D,8,"0,0638",16,"0,0737",3400,"0,649",4500,"0,745",100512,"0,130",7,"0,0349",105,"0,284"
AMD Ryzen™ 9 3950X,16,"0,149",32,"0,158",3500,"0,676",4700,"0,787",73024,"0,0939",7,"0,0349",105,"0,284"
AMD Ryzen™ 9 5950X,16,"0,149",32,"0,158",3400,"0,649",4900,"0,830",72000,"0,0926",7,"0,0349",105,"0,284"
AMD Ryzen™ 9 3900X,12,"0,106",24,"0,116",3800,"0,757",4600,"0,766",70768,"0,0910",7,"0,0349",105,"0,284"
AMD Ryzen™ 9 5900X,12,"0,106",24,"0,116",3700,"0,730",4800,"0,809",70000,"0,0900",7,"0,0349",105,"0,284"
AMD Ryzen™ 9 3900XT,12,"0,106",24,"0,116",3800,"0,757",4700,"0,787",70000,"0,0900",7,"0,0349",105,"0,284"
AMD Ryzen™ 7 3800X,8,"0,0638",16,"0,0737",3900,"0,784",4500,"0,745",36512,"0,0463",7,"0,0349",105,"0,284"
AMD Ryzen™ 7 3800XT,8,"0,0638",16,"0,0737",3900,"0,784",4700,"0,787",36000,"0,0456",7,"0,0349",105,"0,284"
AMD Ryzen™ 7 5800X,8,"0,0638",16,"0,0737",3800,"0,757",4700,"0,787",36000,"0,0456",7,"0,0349",105,"0,284"
AMD Ryzen™ 7 7700X,8,"0,0638",16,"0,0737",4500,"0,946",5400,"0,936",40512,"0,0515",5,"0,0116",105,"0,284"
AMD Ryzen™ 5 7600X,6,"0,0426",12,"0,0526",4700,1,5300,"0,915",38384,"0,0487",5,"0,0116",105,"0,284"
641,4,"0,0213",4,"0,0105",2800,"0,486",2800,"0,383",4512,"0,00458",32,"0,326",100,"0,270"
A10-6800K with Radeon™ HD 8670D,4,"0,0213",4,"0,0105",4100,"0,838",4400,"0,723",4192,"0,00416",32,"0,326",100,"0,270"
A10-6790K with Radeon™ HD 8670D,4,"0,0213",4,"0,0105",4000,"0,811",4300,"0,702",4192,"0,00416",32,"0,326",100,"0,270"
760K,4,"0,0213",4,"0,0105",3800,"0,757",4100,"0,660",4000,"0,00391",32,"0,326",100,"0,270"
750K,4,"0,0213",4,"0,0105",3400,"0,649",4000,"0,638",4000,"0,00391",32,"0,326",100,"0,270"
631,4,"0,0213",4,"0,0105",2600,"0,432",2600,"0,340",4000,"0,00391",32,"0,326",100,"0,270"
A8-7200P with Radeon™ R5 Graphics,4,"0,0213",4,"0,0105",2400,"0,378",3300,"0,489",4000,"0,00391",28,"0,279",100,"0,270"
A8 PRO-7150B with Radeon™ R5 Graphics,4,"0,0213",4,"0,0105",1900,"0,243",3200,"0,468",4000,"0,00391",28,"0,279",100,"0,270"
A6 PRO-7050B with Radeon™ R4 Graphics,2,0,2,0,2200,"0,324",3000,"0,426",1000,0,28,"0,279",100,"0,270"
6370P,16,"0,149",16,"0,0737",2000,"0,270",2500,"0,319",32048,"0,0405",32,"0,326",99,"0,267"
6338P,12,"0,106",12,"0,0526",2300,"0,351",2800,"0,383",28048,"0,0353",32,"0,326",99,"0,267"
1075T,6,"0,0426",6,"0,0211",3500,"0,676",3500,"0,532",9768,"0,0114",45,"0,477",95,"0,256"
850,4,"0,0213",4,"0,0105",3300,"0,622",3300,"0,489",2512,"0,00197",45,"0,477",95,"0,256"
840,4,"0,0213",4,"0,0105",3200,"0,595",3200,"0,468",2512,"0,00197",45,"0,477",95,"0,256"
B99,4,"0,0213",4,"0,0105",3300,"0,622",3300,"0,489",2000,"0,00130",45,"0,477",95,"0,256"
B97,4,"0,0213",4,"0,0105",3200,"0,595",3200,"0,468",2000,"0,00130",45,"0,477",95,"0,256"
460,3,"0,0106",3,"0,00526",3400,"0,649",3400,"0,511",1884,"0,00115",45,"0,477",95,"0,256"
B77,3,"0,0106",3,"0,00526",3200,"0,595",3200,"0,468",1500,"0,000652",45,"0,477",95,"0,256"
B75,3,"0,0106",3,"0,00526",3000,"0,541",3000,"0,426",1500,"0,000652",45,"0,477",95,"0,256"
960T,4,"0,0213",4,"0,0105",3000,"0,541",3400,"0,511",1024,"0,0000313",45,"0,477",95,"0,256"
FX-8370E,8,"0,0638",8,"0,0316",3300,"0,622",4300,"0,702",16384,"0,0201",32,"0,326",95,"0,256"
FX-8300,8,"0,0638",8,"0,0316",3300,"0,622",4200,"0,681",16384,"0,0201",32,"0,326",95,"0,256"
FX-8320E,8,"0,0638",8,"0,0316",3200,"0,595",4000,"0,638",16384,"0,0201",32,"0,326",95,"0,256"
4386,8,"0,0638",8,"0,0316",3100,"0,568",3800,"0,596",16384,"0,0201",32,"0,326",95,"0,256"
4284,8,"0,0638",8,"0,0316",3000,"0,541",3700,"0,574",16384,"0,0201",32,"0,326",95,"0,256"
4280,8,"0,0638",8,"0,0316",2800,"0,486",2800,"0,383",16384,"0,0201",32,"0,326",95,"0,256"
FX 6100,6,"0,0426",6,"0,0211",3300,"0,622",3900,"0,617",14288,"0,0173",32,"0,326",95,"0,256"
FX-6300,6,"0,0426",6,"0,0211",3500,"0,676",3800,"0,596",14288,"0,0173",32,"0,326",95,"0,256"
4340,6,"0,0426",6,"0,0211",3500,"0,676",3800,"0,596",14288,"0,0173",32,"0,326",95,"0,256"
4240,6,"0,0426",6,"0,0211",3400,"0,649",3800,"0,596",14288,"0,0173",32,"0,326",95,"0,256"
4238,6,"0,0426",6,"0,0211",3300,"0,622",3700,"0,574",14288,"0,0173",32,"0,326",95,"0,256"
4334,6,"0,0426",6,"0,0211",3100,"0,568",3500,"0,532",14288,"0,0173",32,"0,326",95,"0,256"
4234,6,"0,0426",6,"0,0211",3100,"0,568",3500,"0,532",14288,"0,0173",32,"0,326",95,"0,256"
4226,6,"0,0426",6,"0,0211",2700,"0,459",3100,"0,447",14288,"0,0173",32,"0,326",95,"0,256"
FX-4100,4,"0,0213",4,"0,0105",3600,"0,703",3800,"0,596",12192,"0,0146",32,"0,326",95,"0,256"
FX-4320,4,"0,0213",4,"0,0105",4000,"0,811",4100,"0,660",8192,"0,00938",32,"0,326",95,"0,256"
FX-4300,4,"0,0213",4,"0,0105",3800,"0,757",4000,"0,638",8192,"0,00938",32,"0,326",95,"0,256"
FX-8310,8,"0,0638",8,"0,0316",3400,"0,649",4300,"0,702",8000,"0,00913",32,"0,326",95,"0,256"
A10-7890K with Radeon™ R7 Graphics and Wraith cooler,4,"0,0213",4,"0,0105",4100,"0,838",4300,"0,702",4256,"0,00425",28,"0,279",95,"0,256"
880K with Near Silent Thermal Solution,4,"0,0213",4,"0,0105",4000,"0,811",4200,"0,681",4256,"0,00425",28,"0,279",95,"0,256"
A10-7870K with Radeon™ R7 Series,4,"0,0213",4,"0,0105",3900,"0,784",4100,"0,660",4256,"0,00425",28,"0,279",95,"0,256"
A10-7870K with Radeon™ R7 Graphics and Near Silent Thermal Solution,4,"0,0213",4,"0,0105",3900,"0,784",4100,"0,660",4256,"0,00425",28,"0,279",95,"0,256"
A10-7850K with Radeon™ R7 Series,4,"0,0213",4,"0,0105",3700,"0,730",4000,"0,638",4256,"0,00425",28,"0,279",95,"0,256"
A10 PRO-7850B with Radeon™ R7 Graphics,4,"0,0213",4,"0,0105",3700,"0,730",4000,"0,638",4256,"0,00425",28,"0,279",95,"0,256"
A8-7670K with Radeon™ R7 Graphics and Near Silent Thermal Solution,4,"0,0213",4,"0,0105",3600,"0,703",3900,"0,617",4256,"0,00425",28,"0,279",95,"0,256"
A10-7700K with Radeon™ R7 Series,4,"0,0213",4,"0,0105",3400,"0,649",3800,"0,596",4256,"0,00425",28,"0,279",95,"0,256"
A8-7650K with Radeon™ R7 Series,4,"0,0213",4,"0,0105",3300,"0,622",3800,"0,596",4256,"0,00425",28,"0,279",95,"0,256"
A8-7650K with Radeon™ R7 Graphics and Near Silent Thermal Solution,4,"0,0213",4,"0,0105",3300,"0,622",3800,"0,596",4256,"0,00425",28,"0,279",95,"0,256"
870K with Near Silent Thermal Solution,4,"0,0213",4,"0,0105",3900,"0,784",4100,"0,660",4128,"0,00408",28,"0,279",95,"0,256"
860K with Near Silent Thermal Solution,4,"0,0213",4,"0,0105",3700,"0,730",4000,"0,638",4128,"0,00408",28,"0,279",95,"0,256"
860K,4,"0,0213",4,"0,0105",3700,"0,730",4000,"0,638",4128,"0,00408",28,"0,279",95,"0,256"
6th Gen AMD PRO A10-8850B APU,4,"0,0213",4,"0,0105",3900,"0,784",4100,"0,660",4000,"0,00391",28,"0,279",95,"0,256"
AMD Ryzen™ 7 1800X,8,"0,0638",16,"0,0737",3600,"0,703",4000,"0,638",20768,"0,0258",14,"0,116",95,"0,256"
AMD Ryzen™ 7 1700X,8,"0,0638",16,"0,0737",3400,"0,649",3800,"0,596",20768,"0,0258",14,"0,116",95,"0,256"
AMD Ryzen™ 7 PRO 1700X Processor,8,"0,0638",16,"0,0737",3400,"0,649",3800,"0,596",20000,"0,0248",14,"0,116",95,"0,256"
AMD Ryzen™ 5 1600X,6,"0,0426",12,"0,0526",3600,"0,703",4000,"0,638",19576,"0,0242",14,"0,116",95,"0,256"
AMD Ryzen™ 7 PRO 2700X,8,"0,0638",16,"0,0737",3600,"0,703",4100,"0,660",20768,"0,0258",12,"0,0930",95,"0,256"
AMD Ryzen™ 5 2600X,6,"0,0426",12,"0,0526",3600,"0,703",4200,"0,681",19576,"0,0242",12,"0,0930",95,"0,256"
AMD Ryzen™ 5 3600X,6,"0,0426",12,"0,0526",3800,"0,757",4400,"0,723",35384,"0,0448",7,"0,0349",95,"0,256"
AMD Ryzen™ 5 3600XT,6,"0,0426",12,"0,0526",3800,"0,757",4500,"0,745",35000,"0,0443",7,"0,0349",95,"0,256"
6166 HE,12,"0,106",12,"0,0526",1800,"0,216",1800,"0,170",19536,"0,0242",45,"0,477",85,"0,228"
6132 HE,8,"0,0638",8,"0,0316",2200,"0,324",2200,"0,255",17024,"0,0209",45,"0,477",85,"0,228"
6366 HE,16,"0,149",16,"0,0737",1800,"0,216",3100,"0,447",32768,"0,0414",32,"0,326",85,"0,228"
6262 HE,16,"0,149",16,"0,0737",1600,"0,162",2900,"0,404",32768,"0,0414",32,"0,326",85,"0,228"
565,2,0,2,0,3400,"0,649",3400,"0,511",7256,"0,00816",45,"0,477",80,"0,213"
965,4,"0,0213",4,"0,0105",3400,"0,649",3400,"0,511",2000,"0,00130",45,"0,477",80,"0,213"
B60,2,0,2,0,3500,"0,676",3500,"0,532",1000,0,45,"0,477",80,"0,213"
565,2,0,2,0,3400,"0,649",3400,"0,511",1000,0,45,"0,477",80,"0,213"
B59,2,0,2,0,3400,"0,649",3400,"0,511",1000,0,45,"0,477",80,"0,213"
B57,2,0,2,0,3200,"0,595",3200,"0,468",1000,0,45,"0,477",80,"0,213"
555,2,0,2,0,3200,"0,595",3200,"0,468",1000,0,45,"0,477",80,"0,213"
4376 HE,8,"0,0638",8,"0,0316",2600,"0,432",3600,"0,553",16384,"0,0201",32,"0,326",65,"0,171"
4276 HE,8,"0,0638",8,"0,0316",2600,"0,432",3600,"0,553",16384,"0,0201",32,"0,326",65,"0,171"
3380,8,"0,0638",8,"0,0316",2600,"0,432",3600,"0,553",16384,"0,0201",32,"0,326",65,"0,171"
4274 HE,8,"0,0638",8,"0,0316",2500,"0,405",3500,"0,532",16384,"0,0201",32,"0,326",65,"0,171"
3280,8,"0,0638",8,"0,0316",2400,"0,378",3400,"0,511",16384,"0,0201",32,"0,326",65,"0,171"
3365,8,"0,0638",8,"0,0316",2300,"0,351",3300,"0,489",16384,"0,0201",32,"0,326",65,"0,171"
4332 HE,6,"0,0426",6,"0,0211",3000,"0,541",3700,"0,574",14288,"0,0173",32,"0,326",65,"0,171"
4230 HE,6,"0,0426",6,"0,0211",2900,"0,514",3700,"0,574",14288,"0,0173",32,"0,326",65,"0,171"
4228 HE,6,"0,0426",6,"0,0211",2800,"0,486",3600,"0,553",14288,"0,0173",32,"0,326",65,"0,171"
638,4,"0,0213",4,"0,0105",2700,"0,459",2700,"0,362",4512,"0,00458",32,"0,326",65,"0,171"
A10-6700 with Radeon™ HD 8670D,4,"0,0213",4,"0,0105",3700,"0,730",4300,"0,702",4192,"0,00416",32,"0,326",65,"0,171"
A8-6600K with Radeon™ HD 8570D,4,"0,0213",4,"0,0105",3900,"0,784",4200,"0,681",4192,"0,00416",32,"0,326",65,"0,171"
A8-6500B with Radeon™ HD 8570D,4,"0,0213",4,"0,0105",3500,"0,676",4100,"0,660",4192,"0,00416",32,"0,326",65,"0,171"
A8-6500 with Radeon™ HD 8570D,4,"0,0213",4,"0,0105",3500,"0,676",4100,"0,660",4192,"0,00416",32,"0,326",65,"0,171"
750,4,"0,0213",4,"0,0105",3400,"0,649",4000,"0,638",4192,"0,00416",32,"0,326",65,"0,171"
740,4,"0,0213",4,"0,0105",3200,"0,595",3700,"0,574",4000,"0,00391",32,"0,326",65,"0,171"
631,4,"0,0213",4,"0,0105",2600,"0,432",2600,"0,340",4000,"0,00391",32,"0,326",65,"0,171"
A6-6420K with Radeon™ HD 8470D,2,0,2,0,4000,"0,811",4200,"0,681",1096,"0,000125",32,"0,326",65,"0,171"
A6-6420B with Radeon™ HD 8470D,2,0,2,0,4000,"0,811",4200,"0,681",1096,"0,000125",32,"0,326",65,"0,171"
A6-6400K with Radeon™ HD 8470D,2,0,2,0,3900,"0,784",4100,"0,660",1096,"0,000125",32,"0,326",65,"0,171"
A6-6400B with Radeon™ HD 8470D,2,0,2,0,3900,"0,784",4100,"0,660",1096,"0,000125",32,"0,326",65,"0,171"
A4-7300 with Radeon™ HD 8470D,2,0,2,0,3800,"0,757",4000,"0,638",1096,"0,000125",32,"0,326",65,"0,171"
A4-6320 with Radeon™ HD 8370D,2,0,2,0,3800,"0,757",4000,"0,638",1096,"0,000125",32,"0,326",65,"0,171"
A4 PRO-7300B with Radeon™ HD 8470D,2,0,2,0,3800,"0,757",4000,"0,638",1096,"0,000125",32,"0,326",65,"0,171"
A4-6300 with Radeon™ HD 8370D,2,0,2,0,3700,"0,730",3900,"0,617",1096,"0,000125",32,"0,326",65,"0,171"
A10-7860K with Radeon™ R7 Series,4,"0,0213",4,"0,0105",3600,"0,703",4000,"0,638",4256,"0,00425",28,"0,279",65,"0,171"
A10-7860K with Radeon™ R7 Graphics and Near Silent Thermal Solution,4,"0,0213",4,"0,0105",3600,"0,703",4000,"0,638",4256,"0,00425",28,"0,279",65,"0,171"
A10 PRO-7800B with Radeon™ R7 Graphics,4,"0,0213",4,"0,0105",3500,"0,676",3900,"0,617",4256,"0,00425",28,"0,279",65,"0,171"
A10-7800 with Radeon™ R7 Series,4,"0,0213",4,"0,0105",3500,"0,676",3900,"0,617",4256,"0,00425",28,"0,279",65,"0,171"
A8-7600 with Radeon™ R7 Series,4,"0,0213",4,"0,0105",3100,"0,568",3800,"0,596",4256,"0,00425",28,"0,279",65,"0,171"
6th Gen AMD PRO A10-8750B APU,4,"0,0213",4,"0,0105",3600,"0,703",4000,"0,638",4000,"0,00391",28,"0,279",65,"0,171"
6th Gen AMD PRO A8-8650B APU,4,"0,0213",4,"0,0105",3200,"0,595",3900,"0,617",4000,"0,00391",28,"0,279",65,"0,171"
A8 PRO-7600B with Radeon™ R7 Graphics,4,"0,0213",4,"0,0105",3100,"0,568",3800,"0,596",4000,"0,00391",28,"0,279",65,"0,171"
7th Gen AMD PRO A12-9800 APU,4,"0,0213",4,"0,0105",3800,"0,757",4200,"0,681",2000,"0,00130",28,"0,279",65,"0,171"
7th Gen A12-9800 APU,4,"0,0213",4,"0,0105",3800,"0,757",4200,"0,681",2000,"0,00130",28,"0,279",65,"0,171"
6th Gen AMD PRO A12-8870 APU,4,"0,0213",4,"0,0105",3700,"0,730",4200,"0,681",2000,"0,00130",28,"0,279",65,"0,171"
7th Gen AMD Athlon™ X4 970,4,"0,0213",4,"0,0105",3800,"0,757",4000,"0,638",2000,"0,00130",28,"0,279",65,"0,171"
7th Gen AMD PRO A10-9700 APU,4,"0,0213",4,"0,0105",3500,"0,676",3800,"0,596",2000,"0,00130",28,"0,279",65,"0,171"
7th Gen A10-9700 APU,4,"0,0213",4,"0,0105",3500,"0,676",3800,"0,596",2000,"0,00130",28,"0,279",65,"0,171"
6th Gen AMD PRO A10-8770 APU,4,"0,0213",4,"0,0105",3500,"0,676",3800,"0,596",2000,"0,00130",28,"0,279",65,"0,171"
845 with Near Silent Thermal Solution,4,"0,0213",4,"0,0105",3500,"0,676",3800,"0,596",2000,"0,00130",28,"0,279",65,"0,171"
7th Gen AMD Athlon™ X4 950,4,"0,0213",4,"0,0105",3500,"0,676",3800,"0,596",2000,"0,00130",28,"0,279",65,"0,171"
7th Gen AMD Athlon™ X4 940,4,"0,0213",4,"0,0105",3200,"0,595",3600,"0,553",2000,"0,00130",28,"0,279",65,"0,171"
7th Gen AMD PRO A8-9600 APU,4,"0,0213",4,"0,0105",3100,"0,568",3400,"0,511",2000,"0,00130",28,"0,279",65,"0,171"
7th Gen A8-9600 APU,4,"0,0213",4,"0,0105",3100,"0,568",3400,"0,511",2000,"0,00130",28,"0,279",65,"0,171"
A4-7210 with Radeon™ R3 Graphics,4,"0,0213",4,"0,0105",1800,"0,216",2200,"0,255",2000,"0,00130",28,"0,279",65,"0,171"
A4-7210 with Radeon™ R3 Graphics,4,"0,0213",4,"0,0105",1800,"0,216",2200,"0,255",2000,"0,00130",28,"0,279",65,"0,171"
E2-7110 with Radeon™ R2 Graphics,4,"0,0213",4,"0,0105",1800,"0,216",1800,"0,170",2000,"0,00130",28,"0,279",65,"0,171"
E2-7110 with Radeon™ R2 Graphics,4,"0,0213",4,"0,0105",1800,"0,216",1800,"0,170",2000,"0,00130",28,"0,279",65,"0,171"
E2-7110 with Radeon™ R2 Graphics,4,"0,0213",4,"0,0105",1800,"0,216",1800,"0,170",2000,"0,00130",28,"0,279",65,"0,171"
A6-7470K with Radeon™ R5 Series,2,0,2,0,3700,"0,730",4000,"0,638",1256,"0,000334",28,"0,279",65,"0,171"
A6-7400K with Radeon™ R5 Series,2,0,2,0,3500,"0,676",3900,"0,617",1128,"0,000167",28,"0,279",65,"0,171"
7th Gen A6-9550 APU,2,0,2,0,3800,"0,757",4000,"0,638",1000,0,28,"0,279",65,"0,171"
6th Gen AMD PRO A6-8550B APU,2,0,2,0,3700,"0,730",4000,"0,638",1000,0,28,"0,279",65,"0,171"
A6 PRO-7400B with Radeon™ R5 Graphics,2,0,2,0,3500,"0,676",3900,"0,617",1000,0,28,"0,279",65,"0,171"
6th Gen AMD PRO A4-8350B APU,2,0,2,0,3500,"0,676",3900,"0,617",1000,0,28,"0,279",65,"0,171"
7th Gen AMD PRO A6-9500 APU,2,0,2,0,3500,"0,676",3800,"0,596",1000,0,28,"0,279",65,"0,171"
7th Gen A6-9500 APU,2,0,2,0,3500,"0,676",3800,"0,596",1000,0,28,"0,279",65,"0,171"
6th Gen AMD PRO A6-8570 APU,2,0,2,0,3500,"0,676",3800,"0,596",1000,0,28,"0,279",65,"0,171"
A4 PRO-7350B with Radeon™ R5 Graphics,2,0,2,0,3400,"0,649",3800,"0,596",1000,0,28,"0,279",65,"0,171"
AMD Ryzen™ 7 PRO 1700,8,"0,0638",16,"0,0737",3000,"0,541",3700,"0,574",20768,"0,0258",14,"0,116",65,"0,171"
AMD Ryzen™ 7 1700 Processor,8,"0,0638",16,"0,0737",3000,"0,541",3700,"0,574",20768,"0,0258",14,"0,116",65,"0,171"
AMD Ryzen™ 5 PRO 1600,6,"0,0426",12,"0,0526",3200,"0,595",3600,"0,553",19576,"0,0242",14,"0,116",65,"0,171"
AMD Ryzen™ 5 1600,6,"0,0426",12,"0,0526",3200,"0,595",3600,"0,553",19576,"0,0242",14,"0,116",65,"0,171"
AMD Ryzen™ 5 PRO 1500,4,"0,0213",8,"0,0316",3500,"0,676",3700,"0,574",18384,"0,0227",14,"0,116",65,"0,171"
AMD Ryzen™ 5 1500X,4,"0,0213",8,"0,0316",3500,"0,676",3700,"0,574",18384,"0,0227",14,"0,116",65,"0,171"
AMD Ryzen™ 3 PRO 1300,4,"0,0213",4,"0,0105",3500,"0,676",3700,"0,574",10384,"0,0122",14,"0,116",65,"0,171"
AMD Ryzen™ 3 1300X,4,"0,0213",4,"0,0105",3500,"0,676",3700,"0,574",10384,"0,0122",14,"0,116",65,"0,171"
AMD Ryzen™ 5 1400,4,"0,0213",8,"0,0316",3200,"0,595",3400,"0,511",10384,"0,0122",14,"0,116",65,"0,171"
AMD Ryzen™ 3 PRO 1200,4,"0,0213",4,"0,0105",3100,"0,568",3400,"0,511",10384,"0,0122",14,"0,116",65,"0,171"
AMD Ryzen™ 3 1200,4,"0,0213",4,"0,0105",3100,"0,568",3400,"0,511",10384,"0,0122",14,"0,116",65,"0,171"
AMD Ryzen™ 5 PRO 2400G with Radeon™ Vega 11 Graphics,4,"0,0213",8,"0,0316",3600,"0,703",3900,"0,617",6384,"0,00702",14,"0,116",65,"0,171"
AMD Ryzen™ 5 2400G with Radeon™ RX Vega 11 Graphics,4,"0,0213",8,"0,0316",3600,"0,703",3900,"0,617",6384,"0,00702",14,"0,116",65,"0,171"
AMD Ryzen™ 3 PRO 2200G with Radeon™ Vega 8 Graphics,4,"0,0213",4,"0,0105",3500,"0,676",3700,"0,574",6384,"0,00702",14,"0,116",65,"0,171"
AMD Ryzen™ 3 2200G with Radeon™ Vega 8 Graphics,4,"0,0213",4,"0,0105",3500,"0,676",3700,"0,574",6384,"0,00702",14,"0,116",65,"0,171"
AMD Ryzen™ 7 PRO 2700,8,"0,0638",16,"0,0737",3200,"0,595",4100,"0,660",20768,"0,0258",12,"0,0930",65,"0,171"
AMD Ryzen™ 7 2700,8,"0,0638",16,"0,0737",3200,"0,595",4100,"0,660",20768,"0,0258",12,"0,0930",65,"0,171"
AMD Ryzen™ 5 PRO 2600,6,"0,0426",12,"0,0526",3400,"0,649",3900,"0,617",19576,"0,0242",12,"0,0930",65,"0,171"
AMD Ryzen™ 5 2600,6,"0,0426",12,"0,0526",3400,"0,649",3900,"0,617",19576,"0,0242",12,"0,0930",65,"0,171"
AMD Ryzen™ 5 1600 (AF),6,"0,0426",12,"0,0526",3200,"0,595",3600,"0,553",19576,"0,0242",12,"0,0930",65,"0,171"
AMD Ryzen™ 5 2500X,4,"0,0213",8,"0,0316",3600,"0,703",4000,"0,638",10384,"0,0122",12,"0,0930",65,"0,171"
AMD Ryzen™ 3 2300X,4,"0,0213",4,"0,0105",3500,"0,676",4000,"0,638",10384,"0,0122",12,"0,0930",65,"0,171"
AMD Ryzen™ 5 PRO 3400G,4,"0,0213",8,"0,0316",3700,"0,730",4200,"0,681",6384,"0,00702",12,"0,0930",65,"0,171"
AMD Ryzen™ 5 3400G with Radeon™ RX Vega 11 Graphics,4,"0,0213",8,"0,0316",3700,"0,730",4200,"0,681",6384,"0,00702",12,"0,0930",65,"0,171"
AMD Ryzen™ 5 PRO 3350G,4,"0,0213",8,"0,0316",3600,"0,703",4000,"0,638",6384,"0,00702",12,"0,0930",65,"0,171"
AMD Ryzen™ 3 PRO 3200G,4,"0,0213",4,"0,0105",3600,"0,703",4000,"0,638",6384,"0,00702",12,"0,0930",65,"0,171"
AMD Ryzen™ 3 3200G with Radeon™ Vega 8 Graphics,4,"0,0213",4,"0,0105",3600,"0,703",4000,"0,638",6384,"0,00702",12,"0,0930",65,"0,171"
AMD Athlon™ Gold PRO 3150G,4,"0,0213",4,"0,0105",3500,"0,676",3900,"0,617",6384,"0,00702",12,"0,0930",65,"0,171"
AMD Athlon™ Gold 3150G (OEM Only),4,"0,0213",4,"0,0105",3500,"0,676",3900,"0,617",6384,"0,00702",12,"0,0930",65,"0,171"
AMD Ryzen™ 9 PRO 5945,12,"0,106",24,"0,116",3000,"0,541",4700,"0,787",70768,"0,0910",7,"0,0349",65,"0,171"
AMD Ryzen™ 9 PRO 3900,12,"0,106",24,"0,116",3100,"0,568",4300,"0,702",70768,"0,0910",7,"0,0349",65,"0,171"
AMD Ryzen™ 9 3900 Processor (OEM Only),12,"0,106",24,"0,116",3100,"0,568",4300,"0,702",70768,"0,0910",7,"0,0349",65,"0,171"
AMD Ryzen™ 9 5900 (OEM Only),12,"0,106",24,"0,116",3000,"0,541",4700,"0,787",70000,"0,0900",7,"0,0349",65,"0,171"
AMD Ryzen™ 7 PRO 5845,8,"0,0638",16,"0,0737",3400,"0,649",4600,"0,766",36512,"0,0463",7,"0,0349",65,"0,171"
AMD Ryzen™ 7 5700X,8,"0,0638",16,"0,0737",3400,"0,649",4600,"0,766",36512,"0,0463",7,"0,0349",65,"0,171"
AMD Ryzen™ 7 PRO 3700,8,"0,0638",16,"0,0737",3600,"0,703",4400,"0,723",36512,"0,0463",7,"0,0349",65,"0,171"
AMD Ryzen™ 7 3700X,8,"0,0638",16,"0,0737",3600,"0,703",4400,"0,723",36512,"0,0463",7,"0,0349",65,"0,171"
AMD Ryzen™ 7 5800 (OEM Only),8,"0,0638",16,"0,0737",3400,"0,649",4600,"0,766",36000,"0,0456",7,"0,0349",65,"0,171"
AMD Ryzen™ 5 PRO 5645,6,"0,0426",12,"0,0526",3700,"0,730",4600,"0,766",35768,"0,0453",7,"0,0349",65,"0,171"
AMD Ryzen™ 5 5600,6,"0,0426",12,"0,0526",3500,"0,676",4400,"0,723",35384,"0,0448",7,"0,0349",65,"0,171"
AMD Ryzen™ 5 PRO 3600,6,"0,0426",12,"0,0526",3600,"0,703",4200,"0,681",35384,"0,0448",7,"0,0349",65,"0,171"
AMD Ryzen™ 5 3600,6,"0,0426",12,"0,0526",3600,"0,703",4200,"0,681",35384,"0,0448",7,"0,0349",65,"0,171"
AMD Ryzen™ 5 5600X,6,"0,0426",12,"0,0526",3700,"0,730",4600,"0,766",35000,"0,0443",7,"0,0349",65,"0,171"
AMD Ryzen™ 7 PRO 5750G,8,"0,0638",16,"0,0737",3800,"0,757",4600,"0,766",20000,"0,0248",7,"0,0349",65,"0,171"
AMD Ryzen™ 7 5700G,8,"0,0638",16,"0,0737",3800,"0,757",4600,"0,766",20000,"0,0248",7,"0,0349",65,"0,171"
AMD Ryzen™ 5 5500,6,"0,0426",12,"0,0526",3600,"0,703",4200,"0,681",19384,"0,0240",7,"0,0349",65,"0,171"
AMD Ryzen™ 5 3500 Processor (OEM Only),6,"0,0426",6,"0,0211",3600,"0,703",4100,"0,660",19384,"0,0240",7,"0,0349",65,"0,171"
AMD Ryzen™ 5 PRO 5650G,6,"0,0426",12,"0,0526",3900,"0,784",4400,"0,723",19000,"0,0235",7,"0,0349",65,"0,171"
AMD Ryzen™ 5 5600G,6,"0,0426",12,"0,0526",3900,"0,784",4400,"0,723",19000,"0,0235",7,"0,0349",65,"0,171"
AMD Ryzen™ 3 3300X,4,"0,0213",8,"0,0316",3800,"0,757",4300,"0,702",18256,"0,0225",7,"0,0349",65,"0,171"
AMD Ryzen™ 3 3100,4,"0,0213",8,"0,0316",3600,"0,703",3900,"0,617",18256,"0,0225",7,"0,0349",65,"0,171"
AMD Ryzen™ 7 PRO 4750G,8,"0,0638",16,"0,0737",3600,"0,703",4400,"0,723",12512,"0,0150",7,"0,0349",65,"0,171"
AMD Ryzen™ 7 4700G (OEM Only),8,"0,0638",16,"0,0737",3600,"0,703",4400,"0,723",12512,"0,0150",7,"0,0349",65,"0,171"
AMD Ryzen™ 5 PRO 4655G,6,"0,0426",12,"0,0526",3700,"0,730",4200,"0,681",11384,"0,0135",7,"0,0349",65,"0,171"
AMD Ryzen™ 5 PRO 4650G,6,"0,0426",12,"0,0526",3700,"0,730",4200,"0,681",11384,"0,0135",7,"0,0349",65,"0,171"
AMD Ryzen™ 5 4600G,6,"0,0426",12,"0,0526",3700,"0,730",4200,"0,681",11384,"0,0135",7,"0,0349",65,"0,171"
AMD Ryzen™ 5 4500,6,"0,0426",12,"0,0526",3600,"0,703",4100,"0,660",11384,"0,0135",7,"0,0349",65,"0,171"
AMD Ryzen™ 3 PRO 5350G,4,"0,0213",8,"0,0316",4000,"0,811",4200,"0,681",10000,"0,0117",7,"0,0349",65,"0,171"
AMD Ryzen™ 3 5300G (OEM Only),4,"0,0213",8,"0,0316",4000,"0,811",4200,"0,681",10000,"0,0117",7,"0,0349",65,"0,171"
AMD Ryzen™ 3 PRO 4355G,4,"0,0213",8,"0,0316",3800,"0,757",4000,"0,638",6256,"0,00685",7,"0,0349",65,"0,171"
AMD Ryzen™ 3 PRO 4350G,4,"0,0213",8,"0,0316",3800,"0,757",4000,"0,638",6256,"0,00685",7,"0,0349",65,"0,171"
AMD Ryzen™ 3 4300G (OEM Only),4,"0,0213",8,"0,0316",3800,"0,757",4000,"0,638",6256,"0,00685",7,"0,0349",65,"0,171"
AMD Ryzen™ 3 4100,4,"0,0213",8,"0,0316",3800,"0,757",4000,"0,638",6256,"0,00685",7,"0,0349",65,"0,171"
AMD Ryzen™ 9 7900,12,"0,106",24,"0,116",3700,"0,730",5400,"0,936",76768,"0,0988",5,"0,0116",65,"0,171"
AMD Ryzen™ 7 7700,8,"0,0638",16,"0,0737",3800,"0,757",5300,"0,915",40512,"0,0515",5,"0,0116",65,"0,171"
AMD Ryzen™ 5 7600,6,"0,0426",12,"0,0526",3800,"0,757",5100,"0,872",38384,"0,0487",5,"0,0116",65,"0,171"
AMD Ryzen™ 9 7945HX,16,"0,149",32,"0,158",2500,"0,405",5400,"0,936",81024,"0,104",5,"0,0116",55,"0,143"
AMD Ryzen™ 9 7845HX,12,"0,106",24,"0,116",3000,"0,541",5200,"0,894",76764,"0,0988",5,"0,0116",55,"0,143"
AMD Ryzen™ 7 7745HX,8,"0,0638",16,"0,0737",3600,"0,703",5100,"0,872",40512,"0,0515",5,"0,0116",55,"0,143"
AMD Ryzen™ 5 7645HX,6,"0,0426",12,"0,0526",4000,"0,811",5000,"0,851",38384,"0,0487",5,"0,0116",55,"0,143"
X940,4,"0,0213",4,"0,0105",2400,"0,378",2400,"0,298",2512,"0,00197",45,"0,477",45,"0,115"
255e,2,0,2,0,3100,"0,568",3100,"0,447",2256,"0,00164",45,"0,477",45,"0,115"
425e,3,"0,0106",3,"0,00526",2700,"0,459",2700,"0,362",1884,"0,00115",45,"0,477",45,"0,115"
3350 HE,4,"0,0213",4,"0,0105",2800,"0,486",3800,"0,596",12192,"0,0146",32,"0,326",45,"0,115"
3260 HE,4,"0,0213",4,"0,0105",2700,"0,459",3700,"0,574",8192,"0,00938",32,"0,326",45,"0,115"
A10-6800B with Radeon™ HD 8670D,4,"0,0213",4,"0,0105",4100,"0,838",4400,"0,723",4192,"0,00416",32,"0,326",45,"0,115"
A10-6790B with Radeon™ HD 8670D,4,"0,0213",4,"0,0105",4000,"0,811",4300,"0,702",4192,"0,00416",32,"0,326",45,"0,115"
A10-6700T with Radeon™ HD 8650D,4,"0,0213",4,"0,0105",2500,"0,405",3500,"0,532",4192,"0,00416",32,"0,326",45,"0,115"
A8-6500T with Radeon™ HD 8550D,4,"0,0213",4,"0,0105",2100,"0,297",3100,"0,447",4192,"0,00416",32,"0,326",45,"0,115"
AMD Ryzen™ 7 2800H,4,"0,0213",8,"0,0316",3300,"0,622",3800,"0,596",6192,"0,00677",14,"0,116",45,"0,115"
AMD Ryzen™ 5 2600H,4,"0,0213",8,"0,0316",3200,"0,595",3600,"0,553",6192,"0,00677",14,"0,116",45,"0,115"
AMD Ryzen™ 7 2700E Processor,8,"0,0638",16,"0,0737",2800,"0,486",4000,"0,638",20768,"0,0258",12,"0,0930",45,"0,115"
AMD Ryzen™ 5 2600E,6,"0,0426",12,"0,0526",3100,"0,568",4000,"0,638",19578,"0,0242",12,"0,0930",45,"0,115"
AMD Ryzen™ 9 5980HX,8,"0,0638",16,"0,0737",3300,"0,622",4800,"0,809",20000,"0,0248",7,"0,0349",45,"0,115"
AMD Ryzen™ 9 5900HX,8,"0,0638",16,"0,0737",3300,"0,622",4600,"0,766",20000,"0,0248",7,"0,0349",45,"0,115"
AMD Ryzen™ 7 5800H,8,"0,0638",16,"0,0737",3200,"0,595",4400,"0,723",20000,"0,0248",7,"0,0349",45,"0,115"
AMD Ryzen™ 5 5600H,6,"0,0426",12,"0,0526",3300,"0,622",4200,"0,681",19000,"0,0235",7,"0,0349",45,"0,115"
AMD Ryzen™ 7 4800HS,8,"0,0638",16,"0,0737",2900,"0,514",4200,"0,681",12000,"0,0143",7,"0,0349",45,"0,115"
AMD Ryzen™ 7 4800H,8,"0,0638",16,"0,0737",2900,"0,514",4200,"0,681",12000,"0,0143",7,"0,0349",45,"0,115"
AMD Ryzen™ 5 4600H,6,"0,0426",12,"0,0526",3000,"0,541",4000,"0,638",11000,"0,0130",7,"0,0349",45,"0,115"
AMD Ryzen™ 9 6980HX,8,"0,0638",16,"0,0737",3300,"0,622",5000,"0,851",20512,"0,0254",6,"0,0233",45,"0,115"
AMD Ryzen™ 9 6900HX,8,"0,0638",16,"0,0737",3300,"0,622",4900,"0,830",20512,"0,0254",6,"0,0233",45,"0,115"
AMD Ryzen™ 7 PRO 6850H,8,"0,0638",16,"0,0737",3200,"0,595",4700,"0,787",20512,"0,0254",6,"0,0233",45,"0,115"
AMD Ryzen™ 7 6800H,8,"0,0638",16,"0,0737",3200,"0,595",4700,"0,787",20512,"0,0254",6,"0,0233",45,"0,115"
AMD Ryzen™ 9 PRO 6950H,8,"0,0638",16,"0,0737",3300,"0,622",4900,"0,830",20384,"0,0253",6,"0,0233",45,"0,115"
AMD Ryzen™ 5 PRO 6650H,6,"0,0426",12,"0,0526",3300,"0,622",4500,"0,745",19384,"0,0240",6,"0,0233",45,"0,115"
AMD Ryzen™ 5 6600H,6,"0,0426",12,"0,0526",3300,"0,622",4500,"0,745",19384,"0,0240",6,"0,0233",45,"0,115"
4365,8,"0,0638",8,"0,0316",2000,"0,270",2800,"0,383",16384,"0,0201",32,"0,326",40,"0,101"
TL-64,2,0,2,0,2200,"0,324",2200,"0,255",1000,0,90,1,35,"0,0871"
N970,4,"0,0213",4,"0,0105",2200,"0,324",2200,"0,255",2512,"0,00197",45,"0,477",35,"0,0871"
N960,4,"0,0213",4,"0,0105",1800,"0,216",1800,"0,170",2512,"0,00197",45,"0,477",35,"0,0871"
N660,2,0,2,0,3000,"0,541",3000,"0,426",2256,"0,00164",45,"0,477",35,"0,0871"
N640,2,0,2,0,2800,"0,486",2800,"0,383",2256,"0,00164",45,"0,477",35,"0,0871"
P650,2,0,2,0,2600,"0,432",2600,"0,340",2256,"0,00164",45,"0,477",35,"0,0871"
N870,3,"0,0106",3,"0,00526",2300,"0,351",2300,"0,277",1884,"0,00115",45,"0,477",35,"0,0871"
P860,3,"0,0106",3,"0,00526",2000,"0,270",2000,"0,213",1884,"0,00115",45,"0,477",35,"0,0871"
4256 EE,8,"0,0638",8,"0,0316",1600,"0,162",2800,"0,383",16384,"0,0201",32,"0,326",35,"0,0871"
4310 EE,6,"0,0426",6,"0,0211",2200,"0,324",3000,"0,426",12192,"0,0146",32,"0,326",35,"0,0871"
A6-5350M with Radeon™ HD 8450G,2,0,2,0,2900,"0,514",3500,"0,532",2000,"0,00130",32,"0,326",35,"0,0871"
FX-7600P with Radeon™ R7 Graphics,4,"0,0213",4,"0,0105",2700,"0,459",3600,"0,553",4000,"0,00391",28,"0,279",35,"0,0871"
A10-7400P with Radeon™ R6 Graphics,4,"0,0213",4,"0,0105",2500,"0,405",3400,"0,511",4000,"0,00391",28,"0,279",35,"0,0871"
7th Gen AMD PRO A12-9800E APU,4,"0,0213",4,"0,0105",3100,"0,568",3800,"0,596",2000,"0,00130",28,"0,279",35,"0,0871"
7th Gen A12-9800E APU,4,"0,0213",4,"0,0105",3100,"0,568",3800,"0,596",2000,"0,00130",28,"0,279",35,"0,0871"
6th Gen AMD PRO A12-8870E APU,4,"0,0213",4,"0,0105",2900,"0,514",3800,"0,596",2000,"0,00130",28,"0,279",35,"0,0871"
7th Gen FX™ 9830P APU,4,"0,0213",4,"0,0105",3000,"0,541",3700,"0,574",2000,"0,00130",28,"0,279",35,"0,0871"
7th Gen AMD PRO A12-9830B APU,4,"0,0213",4,"0,0105",3000,"0,541",3700,"0,574",2000,"0,00130",28,"0,279",35,"0,0871"
7th Gen AMD PRO A10-9700E APU,4,"0,0213",4,"0,0105",3000,"0,541",3500,"0,532",2000,"0,00130",28,"0,279",35,"0,0871"
7th Gen A10-9700E APU,4,"0,0213",4,"0,0105",3000,"0,541",3500,"0,532",2000,"0,00130",28,"0,279",35,"0,0871"
7th Gen AMD PRO A10-9730B APU,4,"0,0213",4,"0,0105",2800,"0,486",3500,"0,532",2000,"0,00130",28,"0,279",35,"0,0871"
7th Gen A12-9730P APU,4,"0,0213",4,"0,0105",2800,"0,486",3500,"0,532",2000,"0,00130",28,"0,279",35,"0,0871"
6th Gen AMD PRO A10-8770E APU,4,"0,0213",4,"0,0105",2800,"0,486",3500,"0,532",2000,"0,00130",28,"0,279",35,"0,0871"
FX-8800P with Radeon™ R7 Graphics,4,"0,0213",4,"0,0105",2100,"0,297",3400,"0,511",2000,"0,00130",28,"0,279",35,"0,0871"
7th Gen AMD PRO A8-9630B,4,"0,0213",4,"0,0105",2600,"0,432",3300,"0,489",2000,"0,00130",28,"0,279",35,"0,0871"
7th Gen A10-9630P APU,4,"0,0213",4,"0,0105",2600,"0,432",3300,"0,489",2000,"0,00130",28,"0,279",35,"0,0871"
A10-8700P with Radeon™ R6 Graphics,4,"0,0213",4,"0,0105",1800,"0,216",3200,"0,468",2000,"0,00130",28,"0,279",35,"0,0871"
7th Gen AMD PRO A6-9500E APU,2,0,2,0,3000,"0,541",3400,"0,511",1000,0,28,"0,279",35,"0,0871"
7th Gen A6-9500E APU,2,0,2,0,3000,"0,541",3400,"0,511",1000,0,28,"0,279",35,"0,0871"
6th Gen AMD PRO A6-8570E APU,2,0,2,0,3000,"0,541",3400,"0,511",1000,0,28,"0,279",35,"0,0871"
AMD Ryzen™ 5 PRO 2400GE with Radeon™ Vega 11 Graphics,4,"0,0213",8,"0,0316",3200,"0,595",3800,"0,596",6384,"0,00702",14,"0,116",35,"0,0871"
AMD Ryzen™ 5 2400GE with Radeon™ RX Vega 11 Graphics,4,"0,0213",8,"0,0316",3200,"0,595",3800,"0,596",6384,"0,00702",14,"0,116",35,"0,0871"
AMD Ryzen™ 3 PRO 2200GE with Radeon™ Vega 8 Graphics,4,"0,0213",4,"0,0105",3200,"0,595",3600,"0,553",6384,"0,00702",14,"0,116",35,"0,0871"
AMD Ryzen™ 3 2200GE with Radeon™ Vega 8 Graphics,4,"0,0213",4,"0,0105",3200,"0,595",3600,"0,553",6384,"0,00702",14,"0,116",35,"0,0871"
AMD Athlon™ 320GE,2,0,4,"0,0105",3500,"0,676",3500,"0,532",5192,"0,00547",14,"0,116",35,"0,0871"
AMD Athlon™ 3000G,2,0,4,"0,0105",3500,"0,676",3500,"0,532",5192,"0,00547",14,"0,116",35,"0,0871"
AMD Athlon™ 240GE,2,0,4,"0,0105",3500,"0,676",3500,"0,532",5192,"0,00547",14,"0,116",35,"0,0871"
AMD Athlon™ Silver 3050GE (OEM Only),2,0,4,"0,0105",3400,"0,649",3400,"0,511",5192,"0,00547",14,"0,116",35,"0,0871"
AMD Athlon™ 300GE,2,0,4,"0,0105",3400,"0,649",3400,"0,511",5192,"0,00547",14,"0,116",35,"0,0871"
AMD Athlon™ 220GE,2,0,4,"0,0105",3400,"0,649",3400,"0,511",5192,"0,00547",14,"0,116",35,"0,0871"
AMD Athlon™ PRO 200GE,2,0,4,"0,0105",3200,"0,595",3200,"0,468",5192,"0,00547",14,"0,116",35,"0,0871"
AMD Athlon™ 200GE,2,0,4,"0,0105",3200,"0,595",3200,"0,468",5192,"0,00547",14,"0,116",35,"0,0871"
AMD Ryzen™ 5 PRO 3400GE,4,"0,0213",8,"0,0316",3300,"0,622",4000,"0,638",6384,"0,00702",12,"0,0930",35,"0,0871"
AMD Ryzen™ 5 3400GE (OEM Only),4,"0,0213",8,"0,0316",3300,"0,622",4000,"0,638",6384,"0,00702",12,"0,0930",35,"0,0871"
AMD Ryzen™ 7 3750H,4,"0,0213",8,"0,0316",2300,"0,351",4000,"0,638",6384,"0,00702",12,"0,0930",35,"0,0871"
AMD Ryzen™ 5 PRO 3350GE,4,"0,0213",4,"0,0105",3300,"0,622",3900,"0,617",6384,"0,00702",12,"0,0930",35,"0,0871"
AMD Ryzen™ 3 PRO 3200GE,4,"0,0213",4,"0,0105",3300,"0,622",3800,"0,596",6384,"0,00702",12,"0,0930",35,"0,0871"
AMD Ryzen™ 3 3200GE (OEM Only),4,"0,0213",4,"0,0105",3300,"0,622",3800,"0,596",6384,"0,00702",12,"0,0930",35,"0,0871"
AMD Athlon™ Gold PRO 3150GE,4,"0,0213",4,"0,0105",3300,"0,622",3800,"0,596",6384,"0,00702",12,"0,0930",35,"0,0871"
AMD Athlon™ Gold 3150GE (OEM Only),4,"0,0213",4,"0,0105",3300,"0,622",3800,"0,596",6384,"0,00702",12,"0,0930",35,"0,0871"
AMD Ryzen™ 5 3550H,4,"0,0213",8,"0,0316",2100,"0,297",3700,"0,574",6384,"0,00702",12,"0,0930",35,"0,0871"
AMD Athlon™ Silver PRO 3125GE,2,0,4,"0,0105",3400,"0,649",3400,"0,511",5192,"0,00547",12,"0,0930",35,"0,0871"
AMD Athlon™ PRO 300GE,2,0,4,"0,0105",3400,"0,649",3400,"0,511",5192,"0,00547",12,"0,0930",35,"0,0871"
AMD Ryzen™ 9 5900HS,8,"0,0638",16,"0,0737",3000,"0,541",4600,"0,766",20008,"0,0248",7,"0,0349",35,"0,0871"
AMD Ryzen™ 9 5980HS,8,"0,0638",16,"0,0737",3000,"0,541",4800,"0,809",20000,"0,0248",7,"0,0349",35,"0,0871"
AMD Ryzen™ 7 PRO 5750GE,8,"0,0638",16,"0,0737",3200,"0,595",4600,"0,766",20000,"0,0248",7,"0,0349",35,"0,0871"
AMD Ryzen™ 7 5700GE,8,"0,0638",16,"0,0737",3200,"0,595",4600,"0,766",20000,"0,0248",7,"0,0349",35,"0,0871"
AMD Ryzen™ 7 5800HS,8,"0,0638",16,"0,0737",2800,"0,486",4400,"0,723",20000,"0,0248",7,"0,0349",35,"0,0871"
AMD Ryzen™ 5 PRO 5650GE,6,"0,0426",12,"0,0526",3400,"0,649",4400,"0,723",19000,"0,0235",7,"0,0349",35,"0,0871"
AMD Ryzen™ 5 5600GE,6,"0,0426",12,"0,0526",3400,"0,649",4400,"0,723",19000,"0,0235",7,"0,0349",35,"0,0871"
AMD Ryzen™ 5 5600HS,6,"0,0426",12,"0,0526",3000,"0,541",4200,"0,681",19000,"0,0235",7,"0,0349",35,"0,0871"
AMD Ryzen™ 7 PRO 4750GE,8,"0,0638",16,"0,0737",3100,"0,568",4300,"0,702",12512,"0,0150",7,"0,0349",35,"0,0871"
AMD Ryzen™ 7 4700GE (OEM Only),8,"0,0638",16,"0,0737",3100,"0,568",4300,"0,702",12512,"0,0150",7,"0,0349",35,"0,0871"
AMD Ryzen™ 9 4900H,8,"0,0638",16,"0,0737",3300,"0,622",4400,"0,723",12000,"0,0143",7,"0,0349",35,"0,0871"
AMD Ryzen™ 9 4900HS,8,"0,0638",16,"0,0737",3000,"0,541",4300,"0,702",12000,"0,0143",7,"0,0349",35,"0,0871"
AMD Ryzen™ 5 PRO 4655GE,6,"0,0426",12,"0,0526",3300,"0,622",4200,"0,681",11384,"0,0135",7,"0,0349",35,"0,0871"
AMD Ryzen™ 5 PRO 4650GE,6,"0,0426",12,"0,0526",3300,"0,622",4200,"0,681",11384,"0,0135",7,"0,0349",35,"0,0871"
AMD Ryzen™ 5 4600GE (OEM Only),6,"0,0426",12,"0,0526",3300,"0,622",4200,"0,681",11384,"0,0135",7,"0,0349",35,"0,0871"
AMD Ryzen™ 3 PRO 5350GE,4,"0,0213",8,"0,0316",3600,"0,703",4200,"0,681",10000,"0,0117",7,"0,0349",35,"0,0871"
AMD Ryzen™ 3 5300GE (OEM Only),4,"0,0213",8,"0,0316",3600,"0,703",4200,"0,681",10000,"0,0117",7,"0,0349",35,"0,0871"
AMD Ryzen™ 3 PRO 4355GE,4,"0,0213",8,"0,0316",3500,"0,676",4000,"0,638",6256,"0,00685",7,"0,0349",35,"0,0871"
AMD Ryzen™ 3 PRO 4350GE,4,"0,0213",8,"0,0316",3500,"0,676",4000,"0,638",6256,"0,00685",7,"0,0349",35,"0,0871"
AMD Ryzen™ 3 4300GE (OEM Only),4,"0,0213",8,"0,0316",3500,"0,676",4000,"0,638",6256,"0,00685",7,"0,0349",35,"0,0871"
AMD Ryzen™ 9 6980HS,8,"0,0638",16,"0,0737",3300,"0,622",5000,"0,851",20512,"0,0254",6,"0,0233",35,"0,0871"
AMD Ryzen™ 9 PRO 6950HS,8,"0,0638",16,"0,0737",3300,"0,622",4900,"0,830",20512,"0,0254",6,"0,0233",35,"0,0871"
AMD Ryzen™ 9 6900HS​,8,"0,0638",16,"0,0737",3300,"0,622",4900,"0,830",20512,"0,0254",6,"0,0233",35,"0,0871"
AMD Ryzen™ 7 7735HS,8,"0,0638",16,"0,0737",3200,"0,595",4750,"0,798",20512,"0,0254",6,"0,0233",35,"0,0871"
AMD Ryzen™ 7 PRO 6850HS,8,"0,0638",16,"0,0737",3200,"0,595",4700,"0,787",20512,"0,0254",6,"0,0233",35,"0,0871"
AMD Ryzen™ 7 6800HS,8,"0,0638",16,"0,0737",3200,"0,595",4700,"0,787",20512,"0,0254",6,"0,0233",35,"0,0871"
AMD Ryzen™ 5 7535HS,6,"0,0426",12,"0,0526",3300,"0,622",4550,"0,755",19512,"0,0241",6,"0,0233",35,"0,0871"
AMD Ryzen™ 5 PRO 6650HS,6,"0,0426",12,"0,0526",3300,"0,622",4500,"0,745",19384,"0,0240",6,"0,0233",35,"0,0871"
AMD Ryzen™ 5 6600HS​,6,"0,0426",12,"0,0526",3300,"0,622",4500,"0,745",19384,"0,0240",6,"0,0233",35,"0,0871"
AMD Ryzen™ 9 7940HS,8,"0,0638",16,"0,0737",4000,"0,811",5200,"0,894",24512,"0,0307",4,0,35,"0,0871"
AMD Ryzen™ 7 7840HS,8,"0,0638",16,"0,0737",3800,"0,757",5100,"0,872",24512,"0,0307",4,0,35,"0,0871"
AMD Ryzen™ 5 7640HS,6,"0,0426",12,"0,0526",4300,"0,892",5000,"0,851",22384,"0,0279",4,0,35,"0,0871"
TL-52,2,0,2,0,1600,"0,162",1600,"0,128",2000,"0,00130",90,1,31,"0,0758"
TL-60,2,0,2,0,2000,"0,270",2000,"0,213",1000,0,90,1,31,"0,0758"
AMD Ryzen™ 7 PRO 6860Z,8,"0,0638",16,"0,0737",2700,"0,459",4750,"0,798",20512,"0,0254",6,"0,0233",28,"0,0674"
AMD Ryzen™ 7 7735U,8,"0,0638",16,"0,0737",2700,"0,459",4750,"0,798",20512,"0,0254",6,"0,0233",28,"0,0674"
AMD Ryzen™ 7 PRO 6850U,8,"0,0638",16,"0,0737",2700,"0,459",4700,"0,787",20512,"0,0254",6,"0,0233",28,"0,0674"
AMD Ryzen™ 7 7736U​,8,"0,0638",16,"0,0737",2700,"0,459",4700,"0,787",20512,"0,0254",6,"0,0233",28,"0,0674"
AMD Ryzen™ 7 6800U​,8,"0,0638",16,"0,0737",2700,"0,459",4700,"0,787",20512,"0,0254",6,"0,0233",28,"0,0674"
AMD Ryzen™ 5 7535U,6,"0,0426",12,"0,0526",2900,"0,514",4550,"0,755",19512,"0,0241",6,"0,0233",28,"0,0674"
AMD Ryzen™ 5 PRO 6650U,6,"0,0426",12,"0,0526",2900,"0,514",4500,"0,745",19384,"0,0240",6,"0,0233",28,"0,0674"
AMD Ryzen™ 5 6600U,6,"0,0426",12,"0,0526",2900,"0,514",4500,"0,745",19384,"0,0240",6,"0,0233",28,"0,0674"
AMD Ryzen™ 3 7335U,4,"0,0213",8,"0,0316",3000,"0,541",4300,"0,702",10512,"0,0124",6,"0,0233",28,"0,0674"
3320 EE,4,"0,0213",4,"0,0105",1900,"0,243",2500,"0,319",12192,"0,0146",32,"0,326",25,"0,0590"
Athlon™ 5370 APU with Radeon™ R3 Series,4,"0,0213",4,"0,0105",2200,"0,324",2200,"0,255",2256,"0,00164",28,"0,279",25,"0,0590"
Athlon™ 5350 APU with Radeon™ R3 Series,4,"0,0213",4,"0,0105",2050,"0,284",2050,"0,223",2256,"0,00164",28,"0,279",25,"0,0590"
A6-5200 with Radeon™ HD 8400,4,"0,0213",4,"0,0105",2000,"0,270",2000,"0,213",2256,"0,00164",28,"0,279",25,"0,0590"
Athlon™ 5150 APU with Radeon™ R3 Series,4,"0,0213",4,"0,0105",1600,"0,162",1600,"0,128",2256,"0,00164",28,"0,279",25,"0,0590"
Sempron™ 3850 APU with Radeon™ R3 Series,4,"0,0213",4,"0,0105",1300,"0,0811",1300,"0,0638",2256,"0,00164",28,"0,279",25,"0,0590"
A6-6310 with Radeon™ R4 Graphics,4,"0,0213",4,"0,0105",1800,"0,216",2400,"0,298",2128,"0,00147",28,"0,279",25,"0,0590"
AMD Opteron™ X2170,4,"0,0213",4,"0,0105",2400,"0,378",2400,"0,298",2000,"0,00130",28,"0,279",25,"0,0590"
A6-7310 with Radeon™ R4 Graphics,4,"0,0213",4,"0,0105",2000,"0,270",2400,"0,298",2000,"0,00130",28,"0,279",25,"0,0590"
A4 PRO-3340B with Radeon™ HD 8240 Graphics,4,"0,0213",4,"0,0105",2200,"0,324",2200,"0,255",2000,"0,00130",28,"0,279",25,"0,0590"
A6-5200M with Radeon™ HD 8400,4,"0,0213",4,"0,0105",2000,"0,270",2000,"0,213",2000,"0,00130",28,"0,279",25,"0,0590"
Sempron™ 2650 APU with Radeon™ R3 Series,2,0,2,0,1450,"0,122",1450,"0,0957",1128,"0,000167",28,"0,279",25,"0,0590"
7th Gen A9-9410 APU,2,0,2,0,2900,"0,514",3500,"0,532",1000,0,28,"0,279",25,"0,0590"
AMD Opteron™ X2150 APU,4,"0,0213",4,"0,0105",1900,"0,243",1900,"0,191",2000,"0,00130",28,"0,279",22,"0,0506"
FX-7500 with Radeon™ R7 Graphics,4,"0,0213",4,"0,0105",2100,"0,297",3300,"0,489",4000,"0,00391",28,"0,279",20,"0,0449"
A10-7300 with Radeon™ R6 Graphics,4,"0,0213",4,"0,0105",1900,"0,243",3200,"0,468",4000,"0,00391",28,"0,279",20,"0,0449"
A8-7100 with Radeon™ R5 Graphics,4,"0,0213",4,"0,0105",1800,"0,216",3000,"0,426",4000,"0,00391",28,"0,279",20,"0,0449"
A10 PRO-7350B with Radeon™ R6 Graphics,4,"0,0213",4,"0,0105",2100,"0,297",3300,"0,489",4000,"0,00391",28,"0,279",19,"0,0421"
X1150,4,"0,0213",4,"0,0105",2000,"0,270",2000,"0,213",2000,"0,00130",28,"0,279",17,"0,0365"
A6-7000 with Radeon™ R4 Graphics,2,0,2,0,2200,"0,324",3000,"0,426",1000,0,28,"0,279",17,"0,0365"
A4-5100 with Radeon™ HD 8330,4,"0,0213",4,"0,0105",1550,"0,149",1550,"0,117",2256,"0,00164",28,"0,279",15,"0,0309"
A4-5000 with Radeon™ HD 8330,4,"0,0213",4,"0,0105",1500,"0,135",1500,"0,106",2256,"0,00164",28,"0,279",15,"0,0309"
E2-3800 with Radeon™ HD 8280,4,"0,0213",4,"0,0105",1300,"0,0811",1300,"0,0638",2128,"0,00147",28,"0,279",15,"0,0309"
7th Gen FX™ 9800P APU,4,"0,0213",4,"0,0105",2700,"0,459",3600,"0,553",2000,"0,00130",28,"0,279",15,"0,0309"
7th Gen AMD PRO A12-9800B APU,4,"0,0213",4,"0,0105",2700,"0,459",3600,"0,553",2000,"0,00130",28,"0,279",15,"0,0309"
7th Gen AMD PRO A10-9700B APU,4,"0,0213",4,"0,0105",2500,"0,405",3400,"0,511",2000,"0,00130",28,"0,279",15,"0,0309"
7th Gen A12-9700P APU,4,"0,0213",4,"0,0105",2500,"0,405",3400,"0,511",2000,"0,00130",28,"0,279",15,"0,0309"
6th Gen AMD PRO A12-8830B APU,4,"0,0213",4,"0,0105",2500,"0,405",3400,"0,511",2000,"0,00130",28,"0,279",15,"0,0309"
6th Gen FX-8800P APU,4,"0,0213",4,"0,0105",2100,"0,297",3400,"0,511",2000,"0,00130",28,"0,279",15,"0,0309"
6th Gen AMD PRO A12-8800B APU,4,"0,0213",4,"0,0105",2100,"0,297",3400,"0,511",2000,"0,00130",28,"0,279",15,"0,0309"
7th Gen AMD PRO A8-9600B APU,4,"0,0213",4,"0,0105",2400,"0,378",3300,"0,489",2000,"0,00130",28,"0,279",15,"0,0309"
7th Gen A10-9600P APU,4,"0,0213",4,"0,0105",2400,"0,378",3300,"0,489",2000,"0,00130",28,"0,279",15,"0,0309"
6th Gen AMD PRO A10-8730B APU,4,"0,0213",4,"0,0105",2400,"0,378",3300,"0,489",2000,"0,00130",28,"0,279",15,"0,0309"
6th Gen AMD PRO A10-8700B APU,4,"0,0213",4,"0,0105",1800,"0,216",3200,"0,468",2000,"0,00130",28,"0,279",15,"0,0309"
6th Gen A10-8700P APU,4,"0,0213",4,"0,0105",1800,"0,216",3200,"0,468",2000,"0,00130",28,"0,279",15,"0,0309"
6th Gen AMD PRO A8-8600B APU,4,"0,0213",4,"0,0105",1600,"0,162",3000,"0,426",2000,"0,00130",28,"0,279",15,"0,0309"
6th Gen A8-8600P APU,4,"0,0213",4,"0,0105",1600,"0,162",3000,"0,426",2000,"0,00130",28,"0,279",15,"0,0309"
A8-8600P with Radeon™ R6 Graphics,4,"0,0213",4,"0,0105",1600,"0,162",3000,"0,426",2000,"0,00130",28,"0,279",15,"0,0309"
A8-7410 with Radeon™ R5 Graphics,4,"0,0213",4,"0,0105",2200,"0,324",2500,"0,319",2000,"0,00130",28,"0,279",15,"0,0309"
A8-6410 with Radeon™ R5 Graphics,4,"0,0213",4,"0,0105",2200,"0,324",2500,"0,319",2000,"0,00130",28,"0,279",15,"0,0309"
A6-6310 with Radeon™ R4 Graphics,4,"0,0213",4,"0,0105",2400,"0,378",2400,"0,298",2000,"0,00130",28,"0,279",15,"0,0309"
A8-6410 with Radeon™ R5 Graphics,4,"0,0213",4,"0,0105",2000,"0,270",2400,"0,298",2000,"0,00130",28,"0,279",15,"0,0309"
A6-7310 with Radeon™ R4 Graphics,4,"0,0213",4,"0,0105",2000,"0,270",2400,"0,298",2000,"0,00130",28,"0,279",15,"0,0309"
A6-7310 with Radeon™ R4 Graphics,4,"0,0213",4,"0,0105",2000,"0,270",2400,"0,298",2000,"0,00130",28,"0,279",15,"0,0309"
A4 PRO-3350B with Radeon™ R4 Graphics,4,"0,0213",4,"0,0105",2000,"0,270",2400,"0,298",2000,"0,00130",28,"0,279",15,"0,0309"
A4-6210 with Radeon™ R3 Graphics,4,"0,0213",4,"0,0105",1800,"0,216",1800,"0,170",2000,"0,00130",28,"0,279",15,"0,0309"
A4-5100 with Radeon™ HD 8330,4,"0,0213",4,"0,0105",1550,"0,149",1550,"0,117",2000,"0,00130",28,"0,279",15,"0,0309"
E2-6110 with Radeon™ R2 Graphics,4,"0,0213",4,"0,0105",1500,"0,135",1500,"0,106",2000,"0,00130",28,"0,279",15,"0,0309"
A4-5000 with Radeon™ HD 8330,4,"0,0213",4,"0,0105",1500,"0,135",1500,"0,106",2000,"0,00130",28,"0,279",15,"0,0309"
7th Gen AMD PRO A6-8350B APU,2,0,2,0,3100,"0,568",3700,"0,574",1000,0,28,"0,279",15,"0,0309"
7th Gen A9-9425 APU,2,0,2,0,3100,"0,568",3700,"0,574",1000,0,28,"0,279",15,"0,0309"
7th Gen AMD PRO A6-7350B APU,2,0,2,0,3000,"0,541",3600,"0,553",1000,0,28,"0,279",15,"0,0309"
7th Gen AMD PRO A4-5350B APU,2,0,2,0,3000,"0,541",3600,"0,553",1000,0,28,"0,279",15,"0,0309"
7th Gen A9-9420 APU,2,0,2,0,3000,"0,541",3600,"0,553",1000,0,28,"0,279",15,"0,0309"
7th Gen AMD PRO A6-9500B APU,2,0,2,0,2300,"0,351",3200,"0,468",1000,0,28,"0,279",15,"0,0309"
6th Gen AMD PRO A6-8530B APU,2,0,2,0,2300,"0,351",3200,"0,468",1000,0,28,"0,279",15,"0,0309"
7th Gen A6-9225 APU,2,0,2,0,2600,"0,432",3100,"0,447",1000,0,28,"0,279",15,"0,0309"
6th Gen AMD PRO A6-8500B APU,2,0,4,"0,0105",1600,"0,162",3000,"0,426",1000,0,28,"0,279",15,"0,0309"
A6-8500P with Radeon™ R5 Graphics,2,0,2,0,1600,"0,162",3000,"0,426",1000,0,28,"0,279",15,"0,0309"
A6-8500P with Radeon™ R5 Graphics,2,0,2,0,1600,"0,162",3000,"0,426",1000,0,28,"0,279",15,"0,0309"
7th Gen AMD PRO A4-4350B APU,2,0,2,0,2500,"0,405",2900,"0,404",1000,0,28,"0,279",15,"0,0309"
7th Gen A6-9220 APU,2,0,2,0,2500,"0,405",2900,"0,404",1000,0,28,"0,279",15,"0,0309"
7th Gen A6-9210 APU,2,0,2,0,2400,"0,378",2800,"0,383",1000,0,28,"0,279",15,"0,0309"
7th Gen A4-9125 APU,2,0,2,0,2300,"0,351",2600,"0,340",1000,0,28,"0,279",15,"0,0309"
7th Gen A4-9120 APU,2,0,2,0,2200,"0,324",2500,"0,319",1000,0,28,"0,279",15,"0,0309"
E2-3000 with Radeon™ HD 8280,2,0,2,0,1650,"0,176",1650,"0,138",1000,0,28,"0,279",15,"0,0309"
E1-2500 with Radeon™ HD 8240,2,0,2,0,1400,"0,108",1400,"0,0851",1000,0,28,"0,279",15,"0,0309"
AMD Ryzen™ 7 PRO 2700U,4,"0,0213",8,"0,0316",2200,"0,324",3800,"0,596",6384,"0,00702",14,"0,116",15,"0,0309"
AMD Ryzen™ 7 2700U,4,"0,0213",8,"0,0316",2200,"0,324",3800,"0,596",6384,"0,00702",14,"0,116",15,"0,0309"
AMD Ryzen™ 5 PRO 2500U,4,"0,0213",8,"0,0316",2000,"0,270",3600,"0,553",6384,"0,00702",14,"0,116",15,"0,0309"
AMD Ryzen™ 5 2500U,4,"0,0213",8,"0,0316",2000,"0,270",3600,"0,553",6384,"0,00702",14,"0,116",15,"0,0309"
AMD Ryzen™ 3 PRO 2300U,4,"0,0213",4,"0,0105",2000,"0,270",3400,"0,511",6384,"0,00702",14,"0,116",15,"0,0309"
AMD Ryzen™ 3 2300U,4,"0,0213",4,"0,0105",2000,"0,270",3400,"0,511",6384,"0,00702",14,"0,116",15,"0,0309"
AMD Ryzen™ 3 2200U,2,0,4,"0,0105",2500,"0,405",3400,"0,511",5384,"0,00572",14,"0,116",15,"0,0309"
AMD Athlon™ PRO 300U Mobile Processor with Radeon™ Vega 3 Graphics,2,0,4,"0,0105",2400,"0,378",3300,"0,489",5384,"0,00572",14,"0,116",15,"0,0309"
AMD Athlon™ PRO 3145B,2,0,4,"0,0105",2400,"0,378",3300,"0,489",5193,"0,00547",14,"0,116",15,"0,0309"
AMD Athlon™ 300U,2,0,4,"0,0105",2400,"0,378",3300,"0,489",5193,"0,00547",14,"0,116",15,"0,0309"
AMD Ryzen™ 3 3250U,2,0,4,"0,0105",2600,"0,432",3500,"0,532",5192,"0,00547",14,"0,116",15,"0,0309"
AMD Ryzen™ 3 3250C,2,0,4,"0,0105",2600,"0,432",3500,"0,532",5192,"0,00547",14,"0,116",15,"0,0309"
AMD Ryzen™ 3 3200U,2,0,4,"0,0105",2600,"0,432",3500,"0,532",5192,"0,00547",14,"0,116",15,"0,0309"
AMD Athlon™ Gold 3150U,2,0,4,"0,0105",2400,"0,378",3300,"0,489",5192,"0,00547",14,"0,116",15,"0,0309"
AMD Athlon™ Gold 3150C,2,0,4,"0,0105",2400,"0,378",3300,"0,489",5192,"0,00547",14,"0,116",15,"0,0309"
AMD Athlon™ PRO 200U Mobile Processor with Radeon™ Vega 3 Graphics,2,0,4,"0,0105",2300,"0,351",3200,"0,468",5192,"0,00547",14,"0,116",15,"0,0309"
AMD Athlon™ Silver 3050U,2,0,2,0,2300,"0,351",3200,"0,468",5192,"0,00547",14,"0,116",15,"0,0309"
AMD Athlon™ PRO 3045B,2,0,2,0,2300,"0,351",3200,"0,468",5192,"0,00547",14,"0,116",15,"0,0309"
AMD Athlon™  Silver 3050C,2,0,2,0,2300,"0,351",3200,"0,468",5192,"0,00547",14,"0,116",15,"0,0309"
AMD Ryzen™ 7 PRO 3700U,4,"0,0213",8,"0,0316",2300,"0,351",4000,"0,638",6384,"0,00702",12,"0,0930",15,"0,0309"
AMD Ryzen™ 7 3780U Microsoft Surface® Edition,4,"0,0213",8,"0,0316",2300,"0,351",4000,"0,638",6384,"0,00702",12,"0,0930",15,"0,0309"
AMD Ryzen™ 7 3700U,4,"0,0213",8,"0,0316",2300,"0,351",4000,"0,638",6384,"0,00702",12,"0,0930",15,"0,0309"
AMD Ryzen™ 7 3700C,4,"0,0213",8,"0,0316",2300,"0,351",4000,"0,638",6384,"0,00702",12,"0,0930",15,"0,0309"
AMD Ryzen™ 5 PRO 3500U,4,"0,0213",8,"0,0316",2100,"0,297",3700,"0,574",6384,"0,00702",12,"0,0930",15,"0,0309"
AMD Ryzen™ 5 3580U Microsoft Surface® Edition,4,"0,0213",8,"0,0316",2100,"0,297",3700,"0,574",6384,"0,00702",12,"0,0930",15,"0,0309"
AMD Ryzen™ 5 3500U,4,"0,0213",8,"0,0316",2100,"0,297",3700,"0,574",6384,"0,00702",12,"0,0930",15,"0,0309"
AMD Ryzen™ 5 3500C,4,"0,0213",8,"0,0316",2100,"0,297",3700,"0,574",6384,"0,00702",12,"0,0930",15,"0,0309"
AMD Ryzen™ 5 3450U,4,"0,0213",8,"0,0316",2100,"0,297",3500,"0,532",6384,"0,00702",12,"0,0930",15,"0,0309"
AMD Ryzen™ 3 PRO 3300U,4,"0,0213",4,"0,0105",2100,"0,297",3500,"0,532",6384,"0,00702",12,"0,0930",15,"0,0309"
AMD Ryzen™ 3 3300U,4,"0,0213",4,"0,0105",2100,"0,297",3500,"0,532",6384,"0,00702",12,"0,0930",15,"0,0309"
AMD Ryzen™ 3 3350U,4,"0,0213",4,"0,0105",2100,"0,297",3500,"0,532",6348,"0,00697",12,"0,0930",15,"0,0309"
AMD Ryzen™ 7 PRO 7730U,8,"0,0638",16,"0,0737",2000,"0,270",4500,"0,745",20512,"0,0254",7,"0,0349",15,"0,0309"
AMD Ryzen™ 7 PRO 5875U,8,"0,0638",16,"0,0737",2000,"0,270",4500,"0,745",20512,"0,0254",7,"0,0349",15,"0,0309"
AMD Ryzen™ 7 7730U,8,"0,0638",16,"0,0737",2000,"0,270",4500,"0,745",20512,"0,0254",7,"0,0349",15,"0,0309"
AMD Ryzen™ 7 5825U,8,"0,0638",16,"0,0737",2000,"0,270",4500,"0,745",20512,"0,0254",7,"0,0349",15,"0,0309"
AMD Ryzen™ 7 5825C,8,"0,0638",16,"0,0737",2000,"0,270",4500,"0,745",20512,"0,0254",7,"0,0349",15,"0,0309"
AMD Ryzen™ 7 PRO 5850U,8,"0,0638",16,"0,0737",1900,"0,243",4400,"0,723",20000,"0,0248",7,"0,0349",15,"0,0309"
AMD Ryzen™ 7 5800U,8,"0,0638",16,"0,0737",1900,"0,243",4400,"0,723",20000,"0,0248",7,"0,0349",15,"0,0309"
AMD Ryzen™ 5 PRO 7530U,6,"0,0426",12,"0,0526",2000,"0,270",4500,"0,745",19384,"0,0240",7,"0,0349",15,"0,0309"
AMD Ryzen™ 5 7530U,6,"0,0426",12,"0,0526",2000,"0,270",4500,"0,745",19384,"0,0240",7,"0,0349",15,"0,0309"
AMD Ryzen™ 5 PRO 5675U,6,"0,0426",12,"0,0526",2300,"0,351",4300,"0,702",19384,"0,0240",7,"0,0349",15,"0,0309"
AMD Ryzen™ 5 5625U,6,"0,0426",12,"0,0526",2300,"0,351",4300,"0,702",19384,"0,0240",7,"0,0349",15,"0,0309"
AMD Ryzen™ 5 5625C,6,"0,0426",12,"0,0526",2300,"0,351",4300,"0,702",19384,"0,0240",7,"0,0349",15,"0,0309"
AMD Ryzen™ 5 PRO 5650U,6,"0,0426",12,"0,0526",2300,"0,351",4200,"0,681",19000,"0,0235",7,"0,0349",15,"0,0309"
AMD Ryzen™ 5 5600U,6,"0,0426",12,"0,0526",2300,"0,351",4200,"0,681",19000,"0,0235",7,"0,0349",15,"0,0309"
AMD Ryzen™ 7 4980U Microsoft Surface® Edition,8,"0,0638",16,"0,0737",2000,"0,270",4400,"0,723",12512,"0,0150",7,"0,0349",15,"0,0309"
AMD Ryzen™ 7 5700U,8,"0,0638",16,"0,0737",1800,"0,216",4300,"0,702",12000,"0,0143",7,"0,0349",15,"0,0309"
AMD Ryzen™ 7 4800U,8,"0,0638",16,"0,0737",1800,"0,216",4200,"0,681",12000,"0,0143",7,"0,0349",15,"0,0309"
AMD Ryzen™ 7 4700U,8,"0,0638",8,"0,0316",2000,"0,270",4100,"0,660",12000,"0,0143",7,"0,0349",15,"0,0309"
AMD Ryzen™ 7 PRO 4750U,8,"0,0638",16,"0,0737",1700,"0,189",4100,"0,660",12000,"0,0143",7,"0,0349",15,"0,0309"
AMD Ryzen™ 5 5560U,6,"0,0426",12,"0,0526",2300,"0,351",4000,"0,638",11384,"0,0135",7,"0,0349",15,"0,0309"
AMD Ryzen™ 5 4680U Microsoft Surface® Edition,6,"0,0426",12,"0,0526",2200,"0,324",4000,"0,638",11384,"0,0135",7,"0,0349",15,"0,0309"
AMD Ryzen™ 5 4500U,6,"0,0426",6,"0,0211",2300,"0,351",4000,"0,638",11000,"0,0130",7,"0,0349",15,"0,0309"
AMD Ryzen™ 5 PRO 4650U,6,"0,0426",12,"0,0526",2100,"0,297",4000,"0,638",11000,"0,0130",7,"0,0349",15,"0,0309"
AMD Ryzen™ 5 5500U,6,"0,0426",12,"0,0526",2100,"0,297",4000,"0,638",11000,"0,0130",7,"0,0349",15,"0,0309"
AMD Ryzen™ 5 4600U,6,"0,0426",12,"0,0526",2100,"0,297",4000,"0,638",11000,"0,0130",7,"0,0349",15,"0,0309"
AMD Ryzen™ 3 PRO 7330U,4,"0,0213",8,"0,0316",2300,"0,351",4300,"0,702",10256,"0,0121",7,"0,0349",15,"0,0309"
AMD Ryzen™ 3 7330U,4,"0,0213",8,"0,0316",2300,"0,351",4300,"0,702",10256,"0,0121",7,"0,0349",15,"0,0309"
AMD Ryzen™ 3 PRO 5475U,4,"0,0213",8,"0,0316",2700,"0,459",4100,"0,660",10256,"0,0121",7,"0,0349",15,"0,0309"
AMD Ryzen™ 3 5425U,4,"0,0213",8,"0,0316",2700,"0,459",4100,"0,660",10256,"0,0121",7,"0,0349",15,"0,0309"
AMD Ryzen™ 3 5425C,4,"0,0213",8,"0,0316",2700,"0,459",4100,"0,660",10256,"0,0121",7,"0,0349",15,"0,0309"
AMD Ryzen™ 3 PRO 5450U,4,"0,0213",8,"0,0316",2600,"0,432",4000,"0,638",10000,"0,0117",7,"0,0349",15,"0,0309"
AMD Ryzen™ 3 5400U,4,"0,0213",8,"0,0316",2600,"0,432",4000,"0,638",10000,"0,0117",7,"0,0349",15,"0,0309"
AMD Ryzen™ 3 5125C,2,0,4,"0,0105",3000,"0,541",3000,"0,426",9128,"0,0106",7,"0,0349",15,"0,0309"
AMD Ryzen™ 3 5300U,4,"0,0213",8,"0,0316",2600,"0,432",3800,"0,596",6000,"0,00652",7,"0,0349",15,"0,0309"
AMD Ryzen™ 3 4300U,4,"0,0213",4,"0,0105",2700,"0,459",3700,"0,574",6000,"0,00652",7,"0,0349",15,"0,0309"
AMD Ryzen™ 3 PRO 4450U,4,"0,0213",8,"0,0316",2500,"0,405",3700,"0,574",6000,"0,00652",7,"0,0349",15,"0,0309"
AMD Ryzen™ 5 7520U,4,"0,0213",8,"0,0316",2800,"0,486",4300,"0,702",6256,"0,00685",6,"0,0233",15,"0,0309"
AMD Ryzen™ 3 7320U,4,"0,0213",8,"0,0316",2400,"0,378",4100,"0,660",6256,"0,00685",6,"0,0233",15,"0,0309"
AMD Athlon™ Gold 7220U,2,0,4,"0,0105",2400,"0,378",3700,"0,574",5256,"0,00555",6,"0,0233",15,"0,0309"
AMD Athlon™ Silver 7120U,2,0,2,0,2400,"0,378",3500,"0,532",3256,"0,00294",6,"0,0233",15,"0,0309"
E1-7010 with Radeon™ R2 Graphics,2,0,2,0,1500,"0,135",1500,"0,106",1000,0,28,"0,279",10,"0,0169"
E1-7010 with Radeon™ R2 Graphics,2,0,2,0,1500,"0,135",1500,"0,106",1000,0,28,"0,279",10,"0,0169"
E1-6010 with Radeon™ R2 Graphics,2,0,2,0,1350,"0,0946",1350,"0,0745",1000,0,28,"0,279",10,"0,0169"
E1-2200 with Radeon™ HD 8210,2,0,2,0,1000,0,1000,0,1000,0,28,"0,279",9,"0,0140"
E1-2100 with Radeon™ HD 8210,2,0,2,0,1000,0,1000,0,1000,0,28,"0,279",9,"0,0140"
7th Gen A6-9220C APU,2,0,2,0,1800,"0,216",2700,"0,362",1160,"0,000209",28,"0,279",6,"0,00562"
7th Gen A4-9120C APU,2,0,2,0,1600,"0,162",2400,"0,298",1160,"0,000209",28,"0,279",6,"0,00562"
AMD Athlon™ Silver 3050e,2,0,4,"0,0105",1400,"0,108",2800,"0,383",5000,"0,00522",14,"0,116",6,"0,00562"
AMD 3020e,2,0,2,0,1200,"0,0541",2600,"0,340",5000,"0,00522",14,"0,116",6,"0,00562"
AMD 3015e,2,0,4,"0,0105",1200,"0,0541",2300,"0,277",5000,"0,00522",14,"0,116",6,"0,00562"
AMD 3015Ce,2,0,4,"0,0105",1200,"0,0541",2300,"0,277",5000,"0,00522",14,"0,116",6,"0,00562"
A10 Micro-6700T with Radeon™ R6 Graphics,4,"0,0213",4,"0,0105",2200,"0,324",2200,"0,255",2000,"0,00130",28,"0,279",5,"0,00281"
A4 Micro-6400T with Radeon™ R3 Graphics,4,"0,0213",4,"0,0105",1600,"0,162",1600,"0,128",2000,"0,00130",28,"0,279",5,"0,00281"
E1 Micro-6200T with Radeon™ R2 Graphics,2,0,2,0,1400,"0,108",1400,"0,0851",1000,0,28,"0,279",4,0